"","X","title","artist","year","bpm","nrgy","dnce","dB","live","val","dur","acous","spch","africa","argentina","australia","belgium","bolivia","brazil","canada","chile","colombia","france","germany","india","indonesia","israel","italy","japan","malasya","spain","usa","n.countries.hit","hit"
"8",8,"RITMO (Bad Boys For Life)","The Black Eyed Peas",2019,105,72,72,-7,24,67,222,3,7,NA,97,NA,NA,97,NA,NA,97,97,97,NA,NA,NA,NA,97,NA,NA,97,NA,7,TRUE
"80",80,"DJ No Pare (feat. Zion, Dalex, Lenny Tavárez) - Remix","Justin Quiles",2019,170,71,74,-4,8,83,259,5,9,NA,88,NA,NA,88,NA,NA,88,NA,NA,NA,NA,NA,NA,NA,NA,NA,88,NA,4,TRUE
"15",15,"Jingle Bell Rock","Bobby Helms",1992,120,42,75,-8,7,81,131,64,4,92,NA,92,92,92,NA,92,92,NA,NA,92,NA,NA,NA,92,NA,92,NA,92,10,TRUE
"361",361,"Tu Hi Yaar Mera (From ""Pati Patni Aur Woh"")","Rochak",2019,87,38,72,-8,13,48,201,59,6,NA,NA,NA,NA,NA,NA,NA,NA,NA,NA,NA,64,NA,NA,NA,NA,NA,NA,NA,1,FALSE
"42",42,"I Saw Mommy Kissing Santa Claus","The Jackson 5",1970,129,71,58,-8,82,61,181,26,5,NA,NA,NA,84,NA,NA,84,NA,NA,NA,NA,NA,NA,NA,NA,NA,NA,NA,84,3,TRUE
"185",185,"Relógio Parado (Ao Vivo)","Diego & Arnaldo",2019,125,94,74,-1,97,73,181,5,5,NA,NA,NA,NA,NA,78,NA,NA,NA,NA,NA,NA,NA,NA,NA,NA,NA,NA,NA,1,FALSE
"60",60,"Sukendleleni","Jobe London",2019,112,72,88,-6,5,24,415,5,5,50,NA,NA,NA,NA,NA,NA,NA,NA,NA,NA,NA,NA,NA,NA,NA,NA,NA,NA,1,FALSE
"141",141,"Amor a Primera Vista","Los Angeles Azules",2019,170,76,66,-6,41,95,221,32,6,NA,NA,NA,NA,81,NA,NA,NA,NA,NA,NA,NA,NA,NA,NA,NA,NA,NA,NA,1,FALSE
"154",154,"Hit Contagiante","Felipe Original",2019,170,68,82,-7,9,96,137,13,12,NA,NA,NA,NA,NA,84,NA,NA,NA,NA,NA,NA,NA,NA,NA,NA,NA,NA,NA,1,FALSE
"314",314,"Aristocrate","Heuss L'enfoiré",2019,117,61,94,-6,10,63,170,27,7,NA,NA,NA,NA,NA,NA,NA,NA,NA,74,NA,NA,NA,NA,NA,NA,NA,NA,NA,1,FALSE
"50",50,"Merry Christmas Everyone","Shakin' Stevens",1997,102,71,76,-10,8,96,224,16,3,69,NA,69,69,NA,NA,69,NA,NA,NA,69,NA,NA,NA,NA,NA,NA,NA,NA,5,TRUE
"170",170,"Serenata - Ao Vivo","Marília Mendonça",2019,132,71,71,-6,97,74,156,10,9,NA,NA,NA,NA,NA,81,NA,NA,NA,NA,NA,NA,NA,NA,NA,NA,NA,NA,NA,1,FALSE
"289",289,"Winter Wonderland - Remastered 2006","Bing Crosby",2006,127,23,59,-14,12,54,144,83,5,NA,NA,NA,NA,NA,NA,NA,NA,NA,NA,NA,NA,NA,NA,NA,NA,NA,NA,83,1,FALSE
"322",322,"Ma vie","Dadju",2019,201,50,51,-8,16,32,209,12,8,NA,NA,NA,NA,NA,NA,NA,NA,NA,68,NA,NA,NA,NA,NA,NA,NA,NA,NA,1,FALSE
"118",118,"Thank God It's Christmas - Non-Album Single","Queen",1984,83,42,30,-9,23,34,262,21,3,NA,NA,80,NA,NA,NA,NA,NA,NA,NA,80,NA,NA,NA,NA,NA,NA,NA,NA,2,TRUE
"293",293,"Santa Baby (with Henri René & His Orchestra)","Eartha Kitt",2002,84,14,70,-12,19,49,206,90,6,NA,NA,NA,NA,NA,NA,NA,NA,NA,NA,NA,NA,NA,NA,NA,NA,NA,NA,76,1,FALSE
"76",76,"Aventura","Lunay",2019,92,73,73,-3,10,88,217,22,4,NA,90,NA,NA,90,NA,NA,90,90,NA,NA,NA,NA,NA,NA,NA,NA,90,NA,5,TRUE
"204",204,"Ayy Macarena","Tyga",2019,96,63,82,-6,7,72,132,13,23,NA,NA,NA,NA,NA,NA,NA,NA,NA,NA,90,NA,NA,NA,90,NA,NA,NA,NA,2,TRUE
"460",460,"m12ano - feat. Mara Sattei","tha Supreme",2019,65,51,58,-6,8,48,188,4,4,NA,NA,NA,NA,NA,NA,NA,NA,NA,NA,NA,NA,NA,NA,78,NA,NA,NA,NA,1,FALSE
"218",218,"Nur zur Info","Ufo361",2019,89,37,73,-12,11,23,142,17,44,NA,NA,NA,NA,NA,NA,NA,NA,NA,NA,75,NA,NA,NA,NA,NA,NA,NA,NA,1,FALSE
"101",101,"Cómo estás","Ke Personajes",2019,135,86,59,-2,4,98,227,29,6,NA,72,NA,NA,NA,NA,NA,NA,NA,NA,NA,NA,NA,NA,NA,NA,NA,NA,NA,1,FALSE
"66",66,"Vete","Bad Bunny",2019,92,67,89,-4,10,53,192,4,19,NA,94,NA,NA,94,NA,NA,94,94,NA,NA,NA,NA,NA,NA,NA,NA,94,NA,5,TRUE
"427",427,"<U+05DB><U+05EA><U+05D1><U+05EA><U+05D9> <U+05E2><U+05DC><U+05D9><U+05D9><U+05DA> <U+05E9><U+05D9><U+05E8>","Omer Adam",2019,92,61,82,-7,5,65,169,25,11,NA,NA,NA,NA,NA,NA,NA,NA,NA,NA,NA,NA,NA,56,NA,NA,NA,NA,NA,1,FALSE
"116",116,"Never Seen The Rain","Tones and I",2019,92,46,67,-6,28,27,201,43,4,NA,NA,81,NA,NA,NA,NA,NA,NA,NA,NA,NA,NA,NA,NA,NA,NA,NA,NA,1,FALSE
"419",419,"Never Go Back","Dennis Lloyd",2019,79,65,42,-5,11,73,175,1,40,NA,NA,NA,NA,NA,NA,NA,NA,NA,NA,NA,NA,NA,76,NA,NA,NA,NA,NA,1,FALSE
"532",532,"Mimpi (feat. Alif)","K-Clique",2019,150,73,83,-7,10,87,253,53,29,NA,NA,NA,NA,NA,NA,NA,NA,NA,NA,NA,NA,NA,NA,NA,NA,66,NA,NA,1,FALSE
"406",406,"Percaya Aku","Chintya Gabriella",2019,140,49,54,-8,20,30,232,74,3,NA,NA,NA,NA,NA,NA,NA,NA,NA,NA,NA,NA,71,NA,NA,NA,NA,NA,NA,1,FALSE
"507",507,"Hakujitsu","King Gnu",2019,93,90,61,-3,29,75,275,67,11,NA,NA,NA,NA,NA,NA,NA,NA,NA,NA,NA,NA,NA,NA,NA,56,NA,NA,NA,1,FALSE
"119",119,"Rockin' Around the Christmas Tree","Brenda Lee",1991,141,64,68,-9,22,83,126,57,4,NA,NA,79,NA,NA,NA,NA,NA,NA,NA,NA,NA,NA,NA,NA,NA,NA,NA,NA,1,FALSE
"51",51,"Beautiful People (feat. Khalid)","Ed Sheeran",2019,93,65,64,-8,8,55,198,12,19,86,NA,NA,NA,NA,NA,NA,NA,NA,NA,NA,NA,86,86,NA,NA,86,NA,NA,4,TRUE
"528",528,"I.F.L.Y.","Bazzi",2019,105,52,81,-5,13,55,166,38,4,NA,NA,NA,NA,NA,NA,NA,NA,NA,NA,NA,NA,NA,NA,NA,NA,87,NA,NA,1,FALSE
"334",334,"Believer","Imagine Dragons",2017,125,78,78,-4,8,67,204,6,13,NA,NA,NA,NA,NA,NA,NA,NA,NA,NA,NA,89,NA,NA,NA,NA,NA,NA,NA,1,FALSE
"246",246,"Víspera de Año Nuevo","Guillermo Buitrago",2012,100,83,60,-6,8,98,150,85,13,NA,NA,NA,NA,NA,NA,NA,NA,49,NA,NA,NA,NA,NA,NA,NA,NA,NA,NA,1,FALSE
"163",163,"Invocada (Participação especial de Léo Santana) - Ao vivo","Ludmilla",2019,135,86,78,-4,93,70,157,48,5,NA,NA,NA,NA,NA,82,NA,NA,NA,NA,NA,NA,NA,NA,NA,NA,NA,NA,NA,1,FALSE
"413",413,"Speechless (Full)","Naomi Scott",2019,125,49,47,-8,12,23,209,47,3,NA,NA,NA,NA,NA,NA,NA,NA,NA,NA,NA,NA,65,NA,NA,NA,NA,NA,NA,1,FALSE
"202",202,"Mistletoe And Holly - Remastered 1999","Frank Sinatra",1957,110,10,61,-14,8,34,136,80,4,NA,NA,NA,NA,NA,NA,81,NA,NA,NA,NA,NA,NA,NA,NA,NA,NA,NA,81,2,TRUE
"49",49,"Santa Claus Is Coming to Town","Michael Bublé",2011,123,40,59,-7,4,42,172,79,5,75,NA,75,75,NA,NA,75,NA,NA,NA,NA,NA,NA,NA,75,NA,NA,NA,NA,5,TRUE
"27",27,"It's Beginning to Look a Lot Like Christmas (with Mitchell Ayres & His Orchestra)","Perry Como",1999,113,28,73,-12,12,72,156,76,6,88,NA,NA,88,NA,NA,88,NA,NA,NA,NA,NA,NA,NA,NA,NA,NA,NA,88,4,TRUE
"92",92,"Sigues Con El","Dimelo Flow",2019,88,67,88,-3,7,68,227,11,11,NA,83,NA,NA,83,NA,NA,83,83,NA,NA,NA,NA,NA,NA,NA,NA,83,NA,5,TRUE
"134",134,"Pa Mí - Remix","Dalex",2019,170,62,69,-8,16,73,361,75,22,NA,NA,NA,NA,86,NA,NA,NA,NA,NA,NA,NA,NA,NA,NA,NA,NA,NA,NA,1,FALSE
"125",125,"8 Days of Christmas","Destiny's Child",1999,100,84,69,-1,6,64,210,5,19,NA,NA,67,NA,NA,NA,NA,NA,NA,NA,NA,NA,NA,NA,NA,NA,NA,NA,NA,1,FALSE
"151",151,"Cheirosa - Ao Vivo","Jorge & Mateus",2019,152,87,53,-3,33,71,182,24,9,NA,NA,NA,NA,NA,85,NA,NA,NA,NA,NA,NA,NA,NA,NA,NA,NA,NA,NA,1,FALSE
"270",270,"Que Calor (feat. J Balvin & El Alfa)","Major Lazer",2019,126,89,80,-4,29,46,170,4,7,NA,NA,NA,NA,NA,NA,NA,NA,NA,85,NA,NA,NA,NA,NA,NA,NA,85,NA,2,TRUE
"329",329,"Reste","Maître Gims",2019,100,54,75,-7,10,69,232,48,4,NA,NA,NA,NA,NA,NA,NA,NA,NA,54,NA,NA,NA,NA,NA,NA,NA,NA,NA,1,FALSE
"247",247,"El Jornalero (El Hijo de Tuta)","Lisandro Meza",2001,95,72,85,-5,16,96,244,7,6,NA,NA,NA,NA,NA,NA,NA,NA,49,NA,NA,NA,NA,NA,NA,NA,NA,NA,NA,1,FALSE
"490",490,"<U+30CF><U+30EB><U+30CE><U+30D2>","Aimyon",2019,107,67,59,-2,11,53,327,26,3,NA,NA,NA,NA,NA,NA,NA,NA,NA,NA,NA,NA,NA,NA,NA,67,NA,NA,NA,1,FALSE
"301",301,"0.4","Aya Nakamura",2019,92,69,84,-7,13,68,175,40,21,NA,NA,NA,NA,NA,NA,NA,NA,NA,78,NA,NA,NA,NA,NA,NA,NA,NA,NA,1,FALSE
"473",473,"GANG (feat. Geolier)","Samurai Jay",2019,95,46,80,-11,21,58,162,4,24,NA,NA,NA,NA,NA,NA,NA,NA,NA,NA,NA,NA,NA,NA,75,NA,NA,NA,NA,1,FALSE
"366",366,"Muqabla (From ""Street Dancer 3D"")","Yash Narvekar",2019,120,91,80,-3,39,54,176,2,9,NA,NA,NA,NA,NA,NA,NA,NA,NA,NA,NA,61,NA,NA,NA,NA,NA,NA,NA,1,FALSE
"440",440,"<U+05D4><U+05DC><U+05D1> <U+05E9><U+05DC><U+05D9>","Ishay Ribo",2019,136,42,56,-9,7,26,239,64,3,NA,NA,NA,NA,NA,NA,NA,NA,NA,NA,NA,NA,NA,52,NA,NA,NA,NA,NA,1,FALSE
"388",388,"Tolong","Budi Doremi",2018,136,20,44,-12,10,24,250,89,4,NA,NA,NA,NA,NA,NA,NA,NA,NA,NA,NA,NA,78,NA,NA,NA,NA,NA,NA,1,FALSE
"18",18,"Mistletoe","Justin Bieber",2011,162,56,66,-9,8,85,183,50,5,92,NA,92,92,NA,NA,92,NA,NA,NA,92,NA,NA,NA,92,NA,92,NA,92,8,TRUE
"341",341,"Yaad Piya Ki Aane Lagi","Neha Kakkar",2019,108,83,86,-4,11,69,257,38,5,NA,NA,NA,NA,NA,NA,NA,NA,NA,NA,NA,72,NA,NA,NA,NA,NA,NA,NA,1,FALSE
"343",343,"Pachtaoge (From ""Jaani Ve"")","Arijit Singh",2019,170,69,52,-4,12,48,227,62,3,NA,NA,NA,NA,NA,NA,NA,NA,NA,NA,NA,71,NA,NA,NA,NA,NA,NA,NA,1,FALSE
"363",363,"Dance Like","Harrdy Sandhu",2019,100,82,86,-3,30,54,172,38,10,NA,NA,NA,NA,NA,NA,NA,NA,NA,NA,NA,64,NA,NA,NA,NA,NA,NA,NA,1,FALSE
"262",262,"Infeliz","Arcangel",2019,176,80,71,-3,25,72,221,37,22,NA,NA,NA,NA,NA,NA,NA,74,NA,NA,NA,NA,NA,NA,NA,NA,NA,NA,NA,1,FALSE
"501",501,"<U+30D2><U+30ED><U+30A4><U+30F3>","back number",2015,76,60,43,-4,22,36,270,21,3,NA,NA,NA,NA,NA,NA,NA,NA,NA,NA,NA,NA,NA,NA,NA,65,NA,NA,NA,1,FALSE
"286",286,"BOP","DaBaby",2019,127,79,77,-4,13,84,160,19,37,NA,NA,NA,NA,NA,NA,NA,NA,NA,NA,NA,NA,NA,NA,NA,NA,NA,NA,92,1,FALSE
"149",149,"Surtada - Remix Brega Funk","Dadá Boladão",2019,154,55,83,-7,18,88,153,25,6,NA,NA,NA,NA,NA,86,NA,NA,NA,NA,NA,NA,NA,NA,NA,NA,NA,NA,NA,1,FALSE
"267",267,"Algún Día Volveras","Santaferia",2018,94,71,65,-4,5,69,254,37,3,NA,NA,NA,NA,NA,NA,NA,68,NA,NA,NA,NA,NA,NA,NA,NA,NA,NA,NA,1,FALSE
"496",496,"<U+7A7A><U+306E><U+9752><U+3055><U+3092><U+77E5><U+308B><U+4EBA><U+3088>","Aimyon",2019,108,71,57,-2,31,63,305,18,3,NA,NA,NA,NA,NA,NA,NA,NA,NA,NA,NA,NA,NA,NA,NA,66,NA,NA,NA,1,FALSE
"140",140,"Loco","Beéle",2019,105,56,82,-6,5,77,204,16,17,NA,NA,NA,NA,82,NA,NA,NA,82,NA,NA,NA,NA,NA,NA,NA,NA,NA,NA,2,TRUE
"336",336,"On My Way","Alan Walker",2019,170,69,51,-5,30,30,194,2,10,NA,NA,NA,NA,NA,NA,NA,NA,NA,NA,NA,84,84,NA,NA,NA,NA,NA,NA,2,TRUE
"229",229,"Alguien Me Gusta","Andy Rivera",2019,93,52,67,-4,37,81,169,45,4,NA,NA,NA,NA,NA,NA,NA,NA,70,NA,NA,NA,NA,NA,NA,NA,NA,NA,NA,1,FALSE
"303",303,"Loin de moi","Naza",2019,97,46,89,-8,6,50,144,64,24,NA,NA,NA,NA,NA,NA,NA,NA,NA,77,NA,NA,NA,NA,NA,NA,NA,NA,NA,1,FALSE
"469",469,"CHARLES MANSON (BUON NATALE2) (feat. Lazza) - feat. Dani Faiv, Nitro","Salmo",2019,120,83,72,-5,44,48,258,1,21,NA,NA,NA,NA,NA,NA,NA,NA,NA,NA,NA,NA,NA,NA,76,NA,NA,NA,NA,1,FALSE
"89",89,"El Favor (with Nicky Jam & Sech, feat. Farruko, Zion & Lunay)","Dimelo Flow",2019,88,65,75,-3,11,48,233,11,7,NA,85,NA,NA,NA,NA,NA,85,NA,NA,NA,NA,NA,NA,NA,NA,NA,NA,NA,2,TRUE
"504",504,"Wherever you are","ONE OK ROCK",2010,174,69,38,-5,34,29,296,3,5,NA,NA,NA,NA,NA,NA,NA,NA,NA,NA,NA,NA,NA,NA,NA,62,NA,NA,NA,1,FALSE
"17",17,"Happy Xmas (War Is Over) - Remastered","John Lennon",2010,147,61,33,-11,77,40,214,32,3,92,NA,92,92,NA,NA,92,NA,NA,NA,92,NA,NA,NA,92,92,NA,NA,92,8,TRUE
"102",102,"Me Vas a Extrañar - En Vivo","Damas Gratis",2018,88,81,42,-5,70,64,239,32,4,NA,71,NA,NA,NA,NA,NA,NA,NA,NA,NA,NA,NA,NA,NA,NA,NA,NA,NA,1,FALSE
"438",438,"<U+05DE><U+05D9><U+05E9><U+05D4><U+05D5> <U+05D0><U+05D9><U+05EA><U+05D9> <U+05DB><U+05D0><U+05DF>","Benaia Barabi",2019,100,63,72,-6,12,38,219,73,3,NA,NA,NA,NA,NA,NA,NA,NA,NA,NA,NA,NA,NA,53,NA,NA,NA,NA,NA,1,FALSE
"232",232,"Los sabanales","Calixto Ochoa",1971,124,70,80,-6,3,78,162,10,4,NA,NA,NA,NA,NA,NA,NA,NA,58,NA,NA,NA,NA,NA,NA,NA,NA,NA,NA,1,FALSE
"489",489,"Turning Up","ARASHI",2019,118,82,77,-5,24,90,183,2,10,NA,NA,NA,NA,NA,NA,NA,NA,NA,NA,NA,NA,NA,NA,NA,68,NA,NA,NA,1,FALSE
"439",439,"<U+05D7><U+05DC><U+05E7> <U+05DE><U+05D4><U+05D6><U+05DE><U+05DF>","Idan Amedi",2017,68,46,57,-8,13,64,223,63,3,NA,NA,NA,NA,NA,NA,NA,NA,NA,NA,NA,NA,NA,53,NA,NA,NA,NA,NA,1,FALSE
"353",353,"Ik Tera","Maninder Buttar",2019,93,71,83,-5,11,49,161,10,7,NA,NA,NA,NA,NA,NA,NA,NA,NA,NA,NA,68,NA,NA,NA,NA,NA,NA,NA,1,FALSE
"124",124,"Have Yourself A Merry Little Christmas","Ella Fitzgerald",1960,112,25,61,-9,22,48,176,96,4,NA,NA,73,NA,NA,NA,NA,NA,NA,NA,NA,NA,NA,NA,NA,NA,NA,NA,NA,1,FALSE
"38",38,"Last Christmas","Wham!",1984,108,48,74,-12,36,95,263,19,3,85,NA,85,85,85,NA,85,NA,NA,85,85,NA,NA,NA,85,85,85,85,85,12,TRUE
"445",445,"<U+05E2><U+05D1>""<U+05DE>","Tuna",2019,67,68,66,-8,12,48,323,45,20,NA,NA,NA,NA,NA,NA,NA,NA,NA,NA,NA,NA,NA,50,NA,NA,NA,NA,NA,1,FALSE
"506",506,"Pretender","Official HIGE DANdism",2019,92,87,54,-3,14,37,327,5,3,NA,NA,NA,NA,NA,NA,NA,NA,NA,NA,NA,NA,NA,NA,NA,56,NA,NA,NA,1,FALSE
"143",143,"Desconocidos","Mau y Ricky",2019,174,75,72,-5,21,68,205,12,18,NA,NA,NA,NA,79,NA,NA,NA,NA,NA,NA,NA,NA,NA,NA,NA,NA,NA,NA,1,FALSE
"512",512,"<U+65B0><U+5B9D><U+5CF6>","Sakanaction",2019,158,92,55,-3,35,65,305,0,7,NA,NA,NA,NA,NA,NA,NA,NA,NA,NA,NA,NA,NA,NA,NA,53,NA,NA,NA,1,FALSE
"70",70,"Callaita","Bad Bunny",2019,176,62,61,-5,24,24,251,60,31,NA,92,NA,NA,92,NA,NA,92,92,NA,NA,NA,NA,NA,NA,NA,NA,92,NA,5,TRUE
"326",326,"Petit Papa Noël","Tino Rossi",1998,105,31,33,-9,6,42,196,99,3,NA,NA,NA,NA,NA,NA,NA,NA,NA,61,NA,NA,NA,NA,NA,NA,NA,NA,NA,1,FALSE
"14",14,"Rockin' Around The Christmas Tree","Brenda Lee",1964,67,47,59,-9,51,90,126,61,5,93,NA,93,93,NA,NA,93,NA,NA,NA,NA,NA,NA,NA,93,NA,93,NA,93,7,TRUE
"10",10,"Tusa","KAROL G",2019,101,72,80,-3,6,57,201,30,30,NA,96,NA,NA,96,NA,NA,96,96,NA,NA,NA,NA,NA,NA,NA,NA,96,NA,5,TRUE
"257",257,"No Te Debí Besar","C. Tangana",2019,75,68,67,-6,18,62,183,13,32,NA,NA,NA,NA,NA,NA,NA,82,NA,NA,NA,NA,NA,NA,NA,NA,NA,NA,NA,1,FALSE
"235",235,"Adonay","Rodolfo Aicardi",2014,118,66,76,-6,6,97,187,67,5,NA,NA,NA,NA,NA,NA,NA,NA,54,NA,NA,NA,NA,NA,NA,NA,NA,NA,NA,1,FALSE
"95",95,"Tal Vez","Paulo Londra",2019,162,65,86,-2,8,74,264,25,15,NA,80,NA,NA,80,NA,NA,NA,NA,NA,NA,NA,NA,NA,NA,NA,NA,NA,NA,2,TRUE
"271",271,"Alocao (With Bad Gyal)","Omar Montes",2019,178,75,67,-5,11,70,209,21,6,NA,NA,NA,NA,NA,NA,NA,NA,NA,NA,NA,NA,NA,NA,NA,NA,NA,84,NA,1,FALSE
"529",529,"Watermelon Sugar","Harry Styles",2019,95,82,55,-4,34,56,174,12,5,NA,NA,NA,NA,NA,NA,NA,NA,NA,NA,NA,NA,NA,NA,NA,NA,86,NA,NA,1,FALSE
"269",269,"Te Quemaste","Manuel Turizo",2019,176,77,73,-2,29,72,199,61,13,NA,NA,NA,NA,NA,NA,NA,NA,NA,NA,NA,NA,NA,NA,NA,NA,NA,85,NA,1,FALSE
"433",433,"<U+05DB><U+05E9><U+05E0><U+05D2><U+05DE><U+05E8><U+05EA> <U+05D4><U+05E1><U+05D5><U+05E4><U+05D4>","Eden Hason",2019,136,55,60,-6,34,58,216,16,3,NA,NA,NA,NA,NA,NA,NA,NA,NA,NA,NA,NA,NA,54,NA,NA,NA,NA,NA,1,FALSE
"59",59,"Lorch","Kabza De Small",2019,113,68,91,-10,7,41,375,17,6,50,NA,NA,NA,NA,NA,NA,NA,NA,NA,NA,NA,NA,NA,NA,NA,NA,NA,NA,1,FALSE
"139",139,"Atrévete","Nicky Jam",2019,184,68,55,-4,12,59,198,31,30,NA,NA,NA,NA,83,NA,NA,NA,NA,NA,NA,NA,NA,NA,NA,NA,NA,NA,NA,1,FALSE
"319",319,"Avant toi","Vitaa",2019,142,40,63,-9,10,25,224,88,3,NA,NA,NA,NA,NA,NA,NA,NA,NA,72,NA,NA,NA,NA,NA,NA,NA,NA,NA,1,FALSE
"417",417,"7 rings","Ariana Grande",2019,140,32,78,-11,9,33,179,59,33,NA,NA,NA,NA,NA,NA,NA,NA,NA,NA,NA,NA,NA,92,NA,NA,NA,NA,NA,1,FALSE
"464",464,"BRAVI A CADERE - I polmoni","Marracash",2019,95,69,61,-6,10,28,200,16,10,NA,NA,NA,NA,NA,NA,NA,NA,NA,NA,NA,NA,NA,NA,77,NA,NA,NA,NA,1,FALSE
"370",370,"Mummy Nu Pasand (From ""Jai Mummy Di"")","Sunanda Sharma",2019,94,97,78,0,35,80,185,1,11,NA,NA,NA,NA,NA,NA,NA,NA,NA,NA,NA,57,NA,NA,NA,NA,NA,NA,NA,1,FALSE
"41",41,"It's Beginning to Look a Lot like Christmas","Michael Bublé",2011,93,22,33,-11,34,36,207,88,3,84,NA,84,84,NA,NA,84,84,NA,NA,84,NA,NA,NA,84,NA,84,84,84,10,TRUE
"109",109,"El Bombón","Los Palmeras",2016,164,77,74,-5,8,87,204,20,6,NA,63,NA,NA,NA,NA,NA,NA,NA,NA,NA,NA,NA,NA,NA,NA,NA,NA,NA,1,FALSE
"245",245,"Daniela","Rodolfo Aicardi",2012,142,56,62,-7,18,93,198,52,3,NA,NA,NA,NA,NA,NA,NA,NA,51,NA,NA,NA,NA,NA,NA,NA,NA,NA,NA,1,FALSE
"99",99,"CANGURO","WOS",2019,164,75,60,-4,67,93,197,17,33,NA,73,NA,NA,NA,NA,NA,NA,NA,NA,NA,NA,NA,NA,NA,NA,NA,NA,NA,1,FALSE
"153",153,"Some que ele vem atrás","Anitta",2019,180,80,65,-6,38,60,195,7,17,NA,NA,NA,NA,NA,84,NA,NA,NA,NA,NA,NA,NA,NA,NA,NA,NA,NA,NA,1,FALSE
"79",79,"Hola - Remix","Dalex",2019,182,67,65,-6,8,34,250,47,31,NA,89,NA,NA,89,NA,NA,89,89,NA,NA,NA,NA,NA,NA,NA,NA,89,NA,5,TRUE
"480",480,"<U+30CE><U+30FC><U+30C0><U+30A6><U+30C8>","Official HIGE DANdism",2018,150,94,57,-3,34,79,202,6,7,NA,NA,NA,NA,NA,NA,NA,NA,NA,NA,NA,NA,NA,NA,NA,72,NA,NA,NA,1,FALSE
"165",165,"Quando a vontade bater (Participação especial de PK Delas)","Pk",2019,150,70,62,-6,15,70,166,54,25,NA,NA,NA,NA,NA,82,NA,NA,NA,NA,NA,NA,NA,NA,NA,NA,NA,NA,NA,1,FALSE
"320",320,"Elle est bonne sa mère","Vegedream",2019,105,74,79,-5,34,47,197,33,6,NA,NA,NA,NA,NA,NA,NA,NA,NA,70,NA,NA,NA,NA,NA,NA,NA,NA,NA,1,FALSE
"103",103,"No Te Creas Tan Importante - En Vivo","Damas Gratis",2018,175,76,30,-5,88,67,240,20,4,NA,70,NA,NA,NA,NA,NA,NA,NA,NA,NA,NA,NA,NA,NA,NA,NA,NA,NA,1,FALSE
"365",365,"Kaise Hua (From ""Kabir Singh"")","Vishal Mishra",2019,138,46,39,-7,11,15,235,45,4,NA,NA,NA,NA,NA,NA,NA,NA,NA,NA,NA,62,NA,NA,NA,NA,NA,NA,NA,1,FALSE
"240",240,"Las Cuatro Fiestas","Diomedes Diaz",2006,131,92,51,-5,15,97,275,16,26,NA,NA,NA,NA,NA,NA,NA,NA,54,NA,NA,NA,NA,NA,NA,NA,NA,NA,NA,1,FALSE
"492",492,"<U+70B9><U+63CF><U+306E><U+5504>","Mrs. GREEN APPLE",2018,152,63,50,-5,10,31,307,45,3,NA,NA,NA,NA,NA,NA,NA,NA,NA,NA,NA,NA,NA,NA,NA,67,NA,NA,NA,1,FALSE
"87",87,"Calma - Remix","Pedro Capó",2018,127,77,83,-4,14,76,238,32,5,NA,87,NA,NA,NA,NA,NA,NA,NA,NA,NA,NA,NA,NA,NA,NA,NA,NA,NA,1,FALSE
"176",176,"Para, Pensa e Volta - Ao Vivo","Yasmin Santos",2019,112,79,61,-3,24,57,174,25,4,NA,NA,NA,NA,NA,80,NA,NA,NA,NA,NA,NA,NA,NA,NA,NA,NA,NA,NA,1,FALSE
"113",113,"Winter Wonderland","Tony Bennett",1968,115,37,45,-14,8,63,134,83,4,NA,NA,85,NA,NA,NA,85,NA,NA,NA,NA,NA,NA,NA,NA,NA,NA,NA,NA,2,TRUE
"351",351,"Jai Jai Shivshankar (From ""War"")","Vishal Dadlani",2019,129,90,83,-5,7,53,231,26,8,NA,NA,NA,NA,NA,NA,NA,NA,NA,NA,NA,68,NA,NA,NA,NA,NA,NA,NA,1,FALSE
"375",375,"10,000 Hours (with Justin Bieber)","Dan + Shay",2019,90,63,65,-5,11,43,168,15,3,NA,NA,NA,NA,NA,NA,NA,NA,NA,NA,NA,NA,93,NA,NA,NA,93,NA,NA,2,TRUE
"297",297,"Popopop","Gambi",2019,130,65,83,-6,14,41,156,5,31,NA,NA,NA,NA,NA,NA,NA,NA,NA,82,NA,NA,NA,NA,NA,NA,NA,NA,NA,1,FALSE
"100",100,"C90 - Remix","John C",2019,123,76,87,-5,7,61,316,34,9,NA,72,NA,NA,NA,NA,NA,NA,NA,NA,NA,NA,NA,NA,NA,NA,NA,NA,NA,1,FALSE
"442",442,"<U+05E9><U+05DE><U+05E9>","Hanan Ben Ari",2019,124,42,50,-9,9,11,238,57,4,NA,NA,NA,NA,NA,NA,NA,NA,NA,NA,NA,NA,NA,52,NA,NA,NA,NA,NA,1,FALSE
"216",216,"Merry Xmas Everybody","Slade",1973,130,80,41,-3,18,47,223,22,4,NA,NA,NA,NA,NA,NA,NA,NA,NA,NA,79,NA,NA,NA,NA,NA,NA,NA,NA,1,FALSE
"71",71,"Que Tire Pa Lante","Daddy Yankee",2019,94,90,66,-3,12,71,211,5,4,NA,91,NA,NA,91,NA,NA,91,91,NA,NA,NA,NA,NA,NA,NA,NA,NA,NA,4,TRUE
"418",418,"Nevermind","Dennis Lloyd",2017,100,69,60,-8,41,8,157,16,20,NA,NA,NA,NA,NA,NA,NA,NA,NA,NA,NA,NA,NA,81,NA,NA,NA,NA,NA,1,FALSE
"230",230,"Dulce Pecado","Jessi Uribe",2019,176,51,64,-4,13,77,175,61,5,NA,NA,NA,NA,NA,NA,NA,NA,63,NA,NA,NA,NA,NA,NA,NA,NA,NA,NA,1,FALSE
"514",514,"Umbrella","King Gnu",2019,105,90,65,-3,5,70,202,38,8,NA,NA,NA,NA,NA,NA,NA,NA,NA,NA,NA,NA,NA,NA,NA,51,NA,NA,NA,1,FALSE
"53",53,"Tender Love (feat. DJ Maphorisa & Kabza De Small)","Sha Sha",2019,113,39,85,-14,5,45,444,1,6,53,NA,NA,NA,NA,NA,NA,NA,NA,NA,NA,NA,NA,NA,NA,NA,NA,NA,NA,1,FALSE
"525",525,"Into the Unknown","Idina Menzel",2019,145,41,32,-9,14,27,195,85,4,NA,NA,NA,NA,NA,NA,NA,NA,NA,NA,NA,NA,NA,NA,NA,NA,88,NA,NA,1,FALSE
"136",136,"Te Vi","Piso 21",2018,102,78,88,-4,9,71,232,4,12,NA,NA,NA,NA,85,NA,NA,NA,NA,NA,NA,NA,NA,NA,NA,NA,NA,NA,NA,1,FALSE
"339",339,"Filhall","B Praak",2019,80,66,53,-4,13,59,255,61,6,NA,NA,NA,NA,NA,NA,NA,NA,NA,NA,NA,74,NA,NA,NA,NA,NA,NA,NA,1,FALSE
"224",224,"STAR","Nimo",2019,108,82,81,-5,17,60,162,38,9,NA,NA,NA,NA,NA,NA,NA,NA,NA,NA,71,NA,NA,NA,NA,NA,NA,NA,NA,1,FALSE
"121",121,"Jingle Bells (feat. The Puppini Sisters)","Michael Bublé",2011,123,58,71,-6,14,83,162,70,6,NA,NA,75,NA,NA,NA,75,NA,NA,NA,NA,NA,NA,NA,NA,NA,NA,NA,NA,2,TRUE
"411",411,"Hanya Rindu","Andmesh",2019,179,16,28,-12,11,20,252,89,3,NA,NA,NA,NA,NA,NA,NA,NA,NA,NA,NA,NA,65,NA,NA,NA,65,NA,NA,2,TRUE
"98",98,"Goteo","Duki",2019,108,78,47,-4,19,44,164,19,4,NA,73,NA,NA,NA,NA,NA,NA,NA,NA,NA,NA,NA,NA,NA,NA,NA,73,NA,2,TRUE
"215",215,"Wieso tust Du dir das an?","Apache 207",2019,134,48,86,-7,12,46,176,29,6,NA,NA,NA,NA,NA,NA,NA,NA,NA,NA,79,NA,NA,NA,NA,NA,NA,NA,NA,1,FALSE
"4",4,"Circles","Post Malone",2019,120,76,70,-3,9,55,215,19,4,99,NA,99,99,NA,NA,NA,NA,NA,NA,NA,99,NA,99,NA,NA,99,NA,99,7,TRUE
"487",487,"<U+30CF><U+30C3><U+30D4><U+30FC><U+30A8><U+30F3><U+30C9>","back number",2016,78,65,36,-3,16,34,314,5,4,NA,NA,NA,NA,NA,NA,NA,NA,NA,NA,NA,NA,NA,NA,NA,68,NA,NA,NA,1,FALSE
"256",256,"Piensan","Myke Towers",2019,172,72,68,-4,11,79,173,54,6,NA,NA,NA,NA,NA,NA,NA,82,NA,NA,NA,NA,NA,NA,NA,NA,NA,NA,NA,1,FALSE
"531",531,"Feelings","Lauv",2019,103,47,69,-7,10,25,190,9,4,NA,NA,NA,NA,NA,NA,NA,NA,NA,NA,NA,NA,NA,NA,NA,NA,73,NA,NA,1,FALSE
"129",129,"Hoe Het Danst","Marco Borsato",2019,130,86,69,-3,19,42,253,6,5,NA,NA,NA,75,NA,NA,NA,NA,NA,NA,NA,NA,NA,NA,NA,NA,NA,NA,NA,1,FALSE
"420",420,"Unfaithful","Dennis Lloyd",2019,76,57,64,-5,25,42,141,1,5,NA,NA,NA,NA,NA,NA,NA,NA,NA,NA,NA,NA,NA,69,NA,NA,NA,NA,NA,1,FALSE
"292",292,"O Tannenbaum","Vince Guaraldi Trio",1965,123,19,58,-16,13,34,309,91,4,NA,NA,NA,NA,NA,NA,NA,NA,NA,NA,NA,NA,NA,NA,NA,NA,NA,NA,79,1,FALSE
"160",160,"3 Batidas - Ao Vivo","Guilherme & Benuto",2019,118,71,55,-5,76,53,157,61,13,NA,NA,NA,NA,NA,82,NA,NA,NA,NA,NA,NA,NA,NA,NA,NA,NA,NA,NA,1,FALSE
"402",402,"April","Fiersa Besari",2014,80,47,36,-8,19,57,264,59,3,NA,NA,NA,NA,NA,NA,NA,NA,NA,NA,NA,NA,72,NA,NA,NA,NA,NA,NA,1,FALSE
"25",25,"Señorita","Shawn Mendes",2019,117,55,76,-6,8,75,191,4,3,89,89,NA,89,89,NA,NA,NA,89,89,NA,89,89,89,NA,NA,89,NA,NA,10,TRUE
"294",294,"Christmas Time Is Here - Vocal","Vince Guaraldi Trio",1965,75,14,39,-20,10,9,166,98,3,NA,NA,NA,NA,NA,NA,NA,NA,NA,NA,NA,NA,NA,NA,NA,NA,NA,NA,75,1,FALSE
"186",186,"Solteiro Não Trai - Ao Vivo","Gustavo Mioto",2018,158,83,49,-3,96,60,187,48,20,NA,NA,NA,NA,NA,78,NA,NA,NA,NA,NA,NA,NA,NA,NA,NA,NA,NA,NA,1,FALSE
"287",287,"Futsal Shuffle 2020","Lil Uzi Vert",2019,137,46,88,-8,23,30,199,3,16,NA,NA,NA,NA,NA,NA,NA,NA,NA,NA,NA,NA,NA,NA,NA,NA,NA,NA,90,1,FALSE
"373",373,"Lose You To Love Me","Selena Gomez",2019,102,34,51,-9,21,9,206,58,4,NA,NA,NA,NA,NA,NA,NA,NA,NA,NA,NA,NA,97,NA,NA,NA,97,NA,NA,2,TRUE
"533",533,"Haa Tepok","MeerFly",2019,87,50,85,-12,15,68,211,66,31,NA,NA,NA,NA,NA,NA,NA,NA,NA,NA,NA,NA,NA,NA,NA,NA,65,NA,NA,1,FALSE
"57",57,"Umlilo","DJ Zinhle",2019,125,70,70,-5,8,62,237,27,3,52,NA,NA,NA,NA,NA,NA,NA,NA,NA,NA,NA,NA,NA,NA,NA,NA,NA,NA,1,FALSE
"530",530,"Before You Go","Lewis Capaldi",2019,112,57,46,-5,9,18,215,60,6,NA,NA,NA,NA,NA,NA,NA,NA,NA,NA,NA,NA,NA,NA,NA,NA,82,NA,NA,1,FALSE
"389",389,"lowkey","NIKI",2019,118,49,75,-8,9,23,171,43,6,NA,NA,NA,NA,NA,NA,NA,NA,NA,NA,NA,NA,78,NA,NA,NA,NA,NA,NA,1,FALSE
"484",484,"<U+541B><U+306F><U+30ED><U+30C3><U+30AF><U+3092><U+8074><U+304B><U+306A><U+3044>","Aimyon",2017,100,69,52,-4,17,62,246,0,3,NA,NA,NA,NA,NA,NA,NA,NA,NA,NA,NA,NA,NA,NA,NA,69,NA,NA,NA,1,FALSE
"255",255,"B11 (feat. Myke Towers)","Rvssian",2019,100,72,76,-5,13,20,252,7,12,NA,NA,NA,NA,NA,NA,NA,83,NA,NA,NA,NA,NA,NA,NA,NA,NA,83,NA,2,TRUE
"522",522,"How Do You Sleep?","Sam Smith",2019,111,68,48,-5,8,35,202,15,9,NA,NA,NA,NA,NA,NA,NA,NA,NA,NA,NA,NA,NA,NA,NA,NA,93,NA,NA,1,FALSE
"209",209,"Hallelujah","Pentatonix",2016,119,38,32,-7,34,37,269,45,4,NA,NA,NA,NA,NA,NA,NA,NA,NA,NA,82,NA,NA,NA,NA,NA,NA,NA,NA,1,FALSE
"266",266,"Navidad, Navidad","Luis Miguel",2006,173,84,52,-4,16,75,155,36,15,NA,NA,NA,NA,NA,NA,NA,69,NA,NA,NA,NA,NA,NA,NA,NA,NA,NA,NA,1,FALSE
"77",77,"Yo x Ti, Tu x Mi","ROSALÍA",2019,92,76,78,-3,14,58,201,46,23,NA,90,NA,NA,90,NA,NA,90,NA,NA,NA,NA,NA,NA,NA,NA,NA,90,NA,4,TRUE
"21",21,"The Christmas Song (Merry Christmas To You)","Nat King Cole",1962,79,21,32,-15,14,21,192,92,3,89,NA,89,89,NA,NA,89,NA,NA,NA,NA,NA,NA,NA,NA,NA,NA,NA,89,5,TRUE
"6",6,"everything i wanted","Billie Eilish",2019,120,23,70,-14,11,24,245,90,10,NA,NA,NA,98,NA,NA,NA,NA,NA,NA,NA,NA,NA,98,NA,NA,98,NA,NA,3,TRUE
"258",258,"Si Supieras","Daddy Yankee",2019,184,89,69,-2,10,62,242,29,12,NA,NA,NA,NA,NA,NA,NA,82,NA,NA,NA,NA,NA,NA,NA,NA,NA,NA,NA,1,FALSE
"448",448,"<U+05E7><U+05D9><U+05E8><U+05D5><U+05EA>","Itay Levi",2019,123,57,78,-8,18,50,197,40,7,NA,NA,NA,NA,NA,NA,NA,NA,NA,NA,NA,NA,NA,46,NA,NA,NA,NA,NA,1,FALSE
"7",7,"Falling","Trevor Daniel",2018,127,43,78,-9,9,24,159,12,4,NA,NA,97,NA,NA,NA,NA,NA,NA,NA,97,97,97,97,97,NA,97,NA,97,8,TRUE
"431",431,"<U+05DE><U+05EA><U+05D2><U+05E2><U+05D2><U+05E2><U+05EA>","Nathan Goshen",2019,137,35,63,-7,53,19,182,3,4,NA,NA,NA,NA,NA,NA,NA,NA,NA,NA,NA,NA,NA,55,NA,NA,NA,NA,NA,1,FALSE
"347",347,"Proper Patola","Badshah",2018,172,82,77,-6,32,49,179,49,9,NA,NA,NA,NA,NA,NA,NA,NA,NA,NA,NA,69,NA,NA,NA,NA,NA,NA,NA,1,FALSE
"68",68,"LA CANCIÓN","J Balvin",2019,176,65,75,-6,11,43,243,15,32,NA,93,NA,NA,93,NA,NA,93,93,NA,NA,NA,NA,NA,NA,NA,NA,NA,NA,4,TRUE
"64",64,"Love You Tonight (feat. DJ Maphorisa, Sha Sha & Kabza De Small)","Mfr Souls",2019,115,68,82,-8,6,68,353,5,5,37,NA,NA,NA,NA,NA,NA,NA,NA,NA,NA,NA,NA,NA,NA,NA,NA,NA,NA,1,FALSE
"9",9,"Don't Start Now","Dua Lipa",2019,124,79,79,-5,10,68,183,1,8,NA,NA,97,97,NA,NA,NA,NA,NA,97,NA,NA,NA,97,NA,NA,97,NA,NA,5,TRUE
"130",130,"This Christmas","Donny Hathaway",1971,93,65,63,-9,25,68,231,29,4,NA,NA,NA,59,NA,NA,NA,NA,NA,NA,NA,NA,NA,NA,NA,NA,NA,NA,59,2,TRUE
"344",344,"Tujhe Kitna Chahne Lage (From ""Kabir Singh"")","Arijit Singh",2019,70,40,43,-8,11,31,285,74,4,NA,NA,NA,NA,NA,NA,NA,NA,NA,NA,NA,69,NA,NA,NA,NA,NA,NA,NA,1,FALSE
"12",12,"Someone You Loved","Lewis Capaldi",2019,110,41,50,-6,11,45,182,75,3,NA,NA,NA,96,NA,NA,NA,NA,NA,NA,NA,NA,96,96,NA,NA,96,NA,NA,4,TRUE
"277",277,"A Dónde Vamos","Morat",2019,149,61,63,-13,23,96,203,1,4,NA,NA,NA,NA,NA,NA,NA,NA,NA,NA,NA,NA,NA,NA,NA,NA,NA,77,NA,1,FALSE
"491",491,"<U+30EF><U+30BF><U+30EA><U+30C9><U+30EA>","[ALEXANDROS]",2015,135,96,51,-4,20,61,249,0,8,NA,NA,NA,NA,NA,NA,NA,NA,NA,NA,NA,NA,NA,NA,NA,67,NA,NA,NA,1,FALSE
"355",355,"Kalank (Title Track)","Arijit Singh",2019,118,55,57,-8,9,44,311,52,4,NA,NA,NA,NA,NA,NA,NA,NA,NA,NA,NA,68,NA,NA,NA,NA,NA,NA,NA,1,FALSE
"345",345,"Pal Pal Dil Ke Paas- Title Track","Arijit Singh",2019,124,51,56,-7,6,39,255,59,3,NA,NA,NA,NA,NA,NA,NA,NA,NA,NA,NA,69,NA,NA,NA,NA,NA,NA,NA,1,FALSE
"115",115,"Baby It's Cold Outside (duet with Michael Bublé)","Idina Menzel",2014,113,48,55,-9,28,56,166,65,6,NA,NA,81,NA,NA,NA,NA,NA,NA,NA,NA,NA,NA,NA,NA,NA,NA,NA,NA,1,FALSE
"254",254,"105 F Remix","KEVVO",2019,100,75,90,-7,29,74,464,37,16,NA,NA,NA,NA,NA,NA,NA,83,NA,NA,NA,NA,NA,NA,NA,NA,NA,83,NA,2,TRUE
"280",280,"Prendío","Rvfv",2019,125,54,83,-10,13,90,190,17,9,NA,NA,NA,NA,NA,NA,NA,NA,NA,NA,NA,NA,NA,NA,NA,NA,NA,76,NA,1,FALSE
"91",91,"Perreo en La Luna","Rich Music LTD",2019,174,76,71,-4,37,72,219,27,29,NA,83,NA,NA,NA,NA,NA,83,NA,NA,NA,NA,NA,NA,NA,NA,NA,83,NA,3,TRUE
"380",380,"I Don't Care (with Justin Bieber)","Ed Sheeran",2019,102,68,80,-5,9,84,220,9,4,NA,NA,NA,NA,NA,NA,NA,NA,NA,NA,NA,NA,85,85,NA,NA,NA,NA,NA,2,TRUE
"352",352,"Chal Bombay","DIVINE",2019,95,62,86,-7,12,51,174,4,32,NA,NA,NA,NA,NA,NA,NA,NA,NA,NA,NA,68,NA,NA,NA,NA,NA,NA,NA,1,FALSE
"401",401,"Pelukku Untuk Pelikmu - OST Imperfect: Karier, Cinta, & Timbangan","Fiersa Besari",2019,125,83,53,-5,20,25,250,13,4,NA,NA,NA,NA,NA,NA,NA,NA,NA,NA,NA,NA,72,NA,NA,NA,NA,NA,NA,1,FALSE
"500",500,"<U+9752><U+3068><U+590F>","Mrs. GREEN APPLE",2019,185,89,31,-2,28,75,270,0,5,NA,NA,NA,NA,NA,NA,NA,NA,NA,NA,NA,NA,NA,NA,NA,65,NA,NA,NA,1,FALSE
"524",524,"No Idea","Don Toliver",2019,128,61,66,-5,22,35,154,56,10,NA,NA,NA,NA,NA,NA,NA,NA,NA,NA,NA,NA,NA,NA,NA,NA,90,NA,NA,1,FALSE
"74",74,"Quizas","Rich Music LTD",2019,176,82,73,-2,23,68,216,3,15,NA,90,NA,NA,90,NA,NA,90,90,NA,NA,NA,NA,NA,NA,NA,NA,90,NA,5,TRUE
"415",415,"HIGHEST IN THE ROOM","Travis Scott",2019,76,43,60,-9,21,6,176,5,3,NA,NA,NA,NA,NA,NA,NA,NA,NA,NA,NA,NA,NA,96,NA,NA,NA,NA,NA,1,FALSE
"493",493,"Walking with you","Novelbright",2018,93,97,42,-1,53,50,223,1,6,NA,NA,NA,NA,NA,NA,NA,NA,NA,NA,NA,NA,NA,NA,NA,67,NA,NA,NA,1,FALSE
"479",479,"Gurenge","LiSA",2019,135,98,55,-3,8,31,239,0,15,NA,NA,NA,NA,NA,NA,NA,NA,NA,NA,NA,NA,NA,NA,NA,73,NA,NA,NA,1,FALSE
"206",206,"COLT","Samra",2019,90,53,54,-6,10,18,180,35,43,NA,NA,NA,NA,NA,NA,NA,NA,NA,NA,83,NA,NA,NA,NA,NA,NA,NA,NA,1,FALSE
"409",409,"Cinta Luar Biasa","Andmesh",2019,136,23,58,-12,10,32,256,81,3,NA,NA,NA,NA,NA,NA,NA,NA,NA,NA,NA,NA,66,NA,NA,NA,66,NA,NA,2,TRUE
"32",32,"Run Rudolph Run - Single Version","Chuck Berry",1986,152,72,68,-11,8,96,166,81,9,NA,NA,87,NA,NA,NA,87,NA,NA,NA,NA,NA,NA,NA,NA,NA,NA,NA,87,3,TRUE
"237",237,"Tabaco y Ron","Rodolfo Aicardi",2012,103,77,76,-7,11,96,243,18,4,NA,NA,NA,NA,NA,NA,NA,NA,54,NA,NA,NA,NA,NA,NA,NA,NA,NA,NA,1,FALSE
"457",457,"Soldi in Nero - feat. Sfera Ebbasta","Shiva",2019,158,66,75,-5,17,35,184,15,28,NA,NA,NA,NA,NA,NA,NA,NA,NA,NA,NA,NA,NA,NA,79,NA,NA,NA,NA,1,FALSE
"477",477,"Cin Cin","Alfa",2019,121,63,70,-4,13,37,180,26,3,NA,NA,NA,NA,NA,NA,NA,NA,NA,NA,NA,NA,NA,NA,65,NA,NA,NA,NA,1,FALSE
"228",228,"Skifahren","The Cratez",2019,134,71,72,-7,15,44,163,22,25,NA,NA,NA,NA,NA,NA,NA,NA,NA,NA,51,NA,NA,NA,NA,NA,NA,NA,NA,1,FALSE
"335",335,"Sunflower - Spider-Man: Into the Spider-Verse","Post Malone",2019,90,52,76,-4,7,93,158,53,6,NA,NA,NA,NA,NA,NA,NA,NA,NA,NA,NA,88,NA,NA,NA,NA,88,NA,NA,2,TRUE
"34",34,"Christmas Lights","Coldplay",2010,131,42,31,-9,8,24,242,13,3,NA,NA,87,87,NA,NA,87,NA,NA,NA,87,NA,NA,NA,NA,NA,NA,NA,NA,4,TRUE
"90",90,"Fresa","TINI",2019,96,87,78,-3,10,86,166,22,9,NA,83,NA,NA,NA,NA,NA,NA,NA,NA,NA,NA,NA,NA,NA,NA,NA,NA,NA,1,FALSE
"211",211,"Doch in der Nacht","Apache 207",2019,131,83,90,-7,21,71,192,12,7,NA,NA,NA,NA,NA,NA,NA,NA,NA,NA,81,NA,NA,NA,NA,NA,NA,NA,NA,1,FALSE
"24",24,"Have Yourself A Merry Little Christmas","Sam Smith",2014,75,18,44,-9,32,34,171,96,4,89,NA,89,89,NA,NA,89,NA,NA,NA,89,NA,NA,NA,NA,NA,NA,NA,89,6,TRUE
"296",296,"Roses - Imanbek Remix","SAINt JHN",2019,122,72,77,-5,35,90,177,2,5,NA,NA,NA,NA,NA,NA,NA,NA,NA,85,NA,NA,NA,NA,NA,NA,NA,NA,NA,1,FALSE
"305",305,"Baianá","Bakermat",2019,122,76,50,-7,33,49,182,0,5,NA,NA,NA,NA,NA,NA,NA,NA,NA,77,NA,NA,NA,NA,NA,NA,NA,NA,NA,1,FALSE
"309",309,"Ma belle","Moha La Squale",2019,82,66,74,-6,9,47,158,76,6,NA,NA,NA,NA,NA,NA,NA,NA,NA,76,NA,NA,NA,NA,NA,NA,NA,NA,NA,1,FALSE
"425",425,"'<U+05E4><U+05D0><U+05D5><U+05E5>","Noa Kirel",2019,140,66,80,-7,25,79,167,23,6,NA,NA,NA,NA,NA,NA,NA,NA,NA,NA,NA,NA,NA,56,NA,NA,NA,NA,NA,1,FALSE
"252",252,"Verte Ir","DJ Luian",2019,96,65,86,-4,8,55,268,39,10,NA,NA,NA,NA,NA,NA,NA,85,NA,NA,NA,NA,NA,NA,NA,NA,NA,NA,NA,1,FALSE
"214",214,"200 km/h","Apache 207",2019,148,67,90,-6,11,41,163,27,16,NA,NA,NA,NA,NA,NA,NA,NA,NA,NA,79,NA,NA,NA,NA,NA,NA,NA,NA,1,FALSE
"205",205,"Rudolph The Red-Nosed Reindeer","Dean Martin",1959,136,20,48,-17,9,86,136,92,3,NA,NA,NA,NA,NA,NA,NA,NA,NA,NA,84,NA,NA,NA,NA,NA,NA,NA,NA,1,FALSE
"404",404,"I Love You but I'm Letting Go","Pamungkas",2018,80,32,39,-9,11,13,220,97,3,NA,NA,NA,NA,NA,NA,NA,NA,NA,NA,NA,NA,71,NA,NA,NA,NA,NA,NA,1,FALSE
"403",403,"Dan...","Sheila On 7",1999,125,54,66,-12,11,54,289,16,3,NA,NA,NA,NA,NA,NA,NA,NA,NA,NA,NA,NA,72,NA,NA,NA,NA,NA,NA,1,FALSE
"527",527,"Lover (Remix) [feat. Shawn Mendes]","Taylor Swift",2019,205,60,45,-7,9,42,221,43,6,NA,NA,NA,NA,NA,NA,NA,NA,NA,NA,NA,NA,NA,NA,NA,NA,88,NA,NA,1,FALSE
"428",428,"<U+05D4><U+05DC><U+05D1> <U+05E9><U+05DC><U+05D9>","Omer Adam",2019,129,38,41,-7,11,32,317,83,3,NA,NA,NA,NA,NA,NA,NA,NA,NA,NA,NA,NA,NA,56,NA,NA,NA,NA,NA,1,FALSE
"394",394,"Tanpa Tergesa","Juicy Luicy",2018,96,29,70,-7,11,45,218,31,3,NA,NA,NA,NA,NA,NA,NA,NA,NA,NA,NA,NA,76,NA,NA,NA,NA,NA,NA,1,FALSE
"142",142,"Una Vida Para Recordar","Piso 21",2019,182,78,70,-3,12,48,215,7,20,NA,NA,NA,NA,81,NA,NA,NA,NA,NA,NA,NA,NA,NA,NA,NA,NA,NA,NA,1,FALSE
"223",223,"In der Weihnachtsbäckerei","Rolf Zuckowski",1987,146,45,82,-9,20,92,173,49,4,NA,NA,NA,NA,NA,NA,NA,NA,NA,NA,72,NA,NA,NA,NA,NA,NA,NA,NA,1,FALSE
"268",268,"Blanca Navidad","Luis Miguel",2006,90,40,36,-11,7,18,212,73,3,NA,NA,NA,NA,NA,NA,NA,67,NA,NA,NA,NA,NA,NA,NA,NA,NA,NA,NA,1,FALSE
"208",208,"Roller","Apache 207",2019,128,76,94,-6,19,68,157,3,17,NA,NA,NA,NA,NA,NA,NA,NA,NA,NA,82,NA,NA,NA,NA,NA,NA,NA,NA,1,FALSE
"276",276,"La Rubia - Remix 2","La Nueva Escuela",2019,110,72,76,-4,38,75,211,32,13,NA,NA,NA,NA,NA,NA,NA,NA,NA,NA,NA,NA,NA,NA,NA,NA,NA,77,NA,1,FALSE
"476",476,"m8nstar","tha Supreme",2019,165,76,58,-6,11,44,165,5,4,NA,NA,NA,NA,NA,NA,NA,NA,NA,NA,NA,NA,NA,NA,73,NA,NA,NA,NA,1,FALSE
"429",429,"<U+05D0><U+05D2><U+05E8><U+05D5><U+05E3>","Eden Ben Zaken",2019,120,52,54,-9,21,27,189,54,6,NA,NA,NA,NA,NA,NA,NA,NA,NA,NA,NA,NA,NA,55,NA,NA,NA,NA,NA,1,FALSE
"265",265,"Santa Claus Llegó a La Ciudad","Luis Miguel",2006,170,85,52,-2,33,72,116,38,19,NA,NA,NA,NA,NA,NA,NA,70,NA,NA,NA,NA,NA,NA,NA,NA,NA,NA,NA,1,FALSE
"22",22,"White Christmas","Bing Crosby",1942,131,16,32,-16,34,25,177,67,4,89,NA,89,89,NA,NA,89,NA,NA,NA,NA,NA,NA,NA,NA,NA,NA,NA,89,5,TRUE
"212",212,"Alien","RIN",2019,138,60,84,-6,11,85,209,30,6,NA,NA,NA,NA,NA,NA,NA,NA,NA,NA,80,NA,NA,NA,NA,NA,NA,NA,NA,1,FALSE
"424",424,"<U+05DC><U+05E9><U+05D5><U+05D1> <U+05D4><U+05D1><U+05D9><U+05EA><U+05D4>","Ishay Ribo",2018,104,45,73,-9,9,63,197,51,3,NA,NA,NA,NA,NA,NA,NA,NA,NA,NA,NA,NA,NA,57,NA,NA,NA,NA,NA,1,FALSE
"357",357,"Naah Goriye (From ""Bala"")","B Praak",2019,100,77,82,-2,6,72,185,46,6,NA,NA,NA,NA,NA,NA,NA,NA,NA,NA,NA,67,NA,NA,NA,NA,NA,NA,NA,1,FALSE
"188",188,"Áudio - Ao Vivo em Brasília","Diego & Victor Hugo",2019,110,81,61,-5,42,45,190,52,4,NA,NA,NA,NA,NA,77,NA,NA,NA,NA,NA,NA,NA,NA,NA,NA,NA,NA,NA,1,FALSE
"169",169,"S de Saudade","Luíza & Maurílio",2019,124,71,71,-4,13,79,175,62,5,NA,NA,NA,NA,NA,81,NA,NA,NA,NA,NA,NA,NA,NA,NA,NA,NA,NA,NA,1,FALSE
"54",54,"Labantwana Ama Uber","Semi Tee",2019,112,62,87,-10,5,53,384,4,8,52,NA,NA,NA,NA,NA,NA,NA,NA,NA,NA,NA,NA,NA,NA,NA,NA,NA,NA,1,FALSE
"331",331,"hot girl bummer","blackbear",2019,130,56,78,-7,40,68,185,13,8,NA,NA,NA,NA,NA,NA,NA,NA,NA,NA,NA,96,NA,NA,NA,NA,96,NA,NA,2,TRUE
"137",137,"Que Mas Pues - Remix","Sech",2019,113,66,65,-5,12,81,306,12,20,NA,NA,NA,NA,85,NA,NA,NA,NA,NA,NA,NA,NA,NA,NA,NA,NA,NA,NA,1,FALSE
"23",23,"Let It Snow! Let It Snow! Let It Snow!","Dean Martin",1959,134,24,45,-14,18,70,117,91,4,89,NA,NA,89,NA,NA,89,NA,NA,89,NA,NA,NA,NA,NA,NA,NA,NA,89,5,TRUE
"465",465,"Barrio","Mahmood",2019,122,70,80,-7,11,57,165,6,7,NA,NA,NA,NA,NA,NA,NA,NA,NA,NA,NA,NA,NA,NA,77,NA,NA,NA,NA,1,FALSE
"282",282,"Si por mi fuera","Beret",2019,150,75,70,-6,10,88,209,3,3,NA,NA,NA,NA,NA,NA,NA,NA,NA,NA,NA,NA,NA,NA,NA,NA,NA,73,NA,1,FALSE
"468",468,"Non Avere Paura","Tommaso Paradiso",2019,105,68,57,-6,11,24,247,43,4,NA,NA,NA,NA,NA,NA,NA,NA,NA,NA,NA,NA,NA,NA,77,NA,NA,NA,NA,1,FALSE
"311",311,"Dans l'univers","Nekfeu",2019,132,42,64,-10,14,20,244,33,17,NA,NA,NA,NA,NA,NA,NA,NA,NA,75,NA,NA,NA,NA,NA,NA,NA,NA,NA,1,FALSE
"462",462,"Santa Claus Is Comin' to Town","Frank Sinatra",1994,140,20,65,-12,31,69,155,83,6,NA,NA,NA,NA,NA,NA,NA,NA,NA,NA,NA,NA,NA,NA,78,NA,NA,NA,NA,1,FALSE
"278",278,"+","Aitana",2019,160,67,56,-4,12,68,219,11,3,NA,NA,NA,NA,NA,NA,NA,NA,NA,NA,NA,NA,NA,NA,NA,NA,NA,76,NA,1,FALSE
"300",300,"Hé oh","Gambi",2019,105,59,83,-5,20,54,178,7,15,NA,NA,NA,NA,NA,NA,NA,NA,NA,79,NA,NA,NA,NA,NA,NA,NA,NA,NA,1,FALSE
"16",16,"It's the Most Wonderful Time of the Year","Andy Williams",1963,202,60,24,-8,12,78,152,77,4,92,NA,92,92,NA,NA,92,NA,NA,NA,92,NA,NA,NA,92,NA,92,NA,92,8,TRUE
"383",383,"Takeaway","The Chainsmokers",2019,100,51,53,-8,10,35,210,13,3,NA,NA,NA,NA,NA,NA,NA,NA,NA,NA,NA,NA,83,NA,NA,NA,83,NA,NA,2,TRUE
"46",46,"Holly Jolly Christmas","Michael Bublé",2011,151,43,61,-9,9,74,122,86,4,82,NA,82,82,NA,NA,82,82,NA,82,NA,NA,NA,NA,82,NA,82,NA,82,9,TRUE
"283",283,"Fuera De Mi Mente","Lérica",2019,94,94,74,-2,5,70,181,17,10,NA,NA,NA,NA,NA,NA,NA,NA,NA,NA,NA,NA,NA,NA,NA,NA,NA,73,NA,1,FALSE
"174",174,"Ela Vem","MC G15",2019,185,63,62,-7,7,59,197,62,55,NA,NA,NA,NA,NA,81,NA,NA,NA,NA,NA,NA,NA,NA,NA,NA,NA,NA,NA,1,FALSE
"391",391,"100 Degrees","Rich Brian",2019,81,65,76,-5,52,66,166,12,7,NA,NA,NA,NA,NA,NA,NA,NA,NA,NA,NA,NA,77,NA,NA,NA,NA,NA,NA,1,FALSE
"33",33,"Step Into Christmas","Elton John",1973,140,93,53,-6,31,82,272,10,4,NA,NA,87,NA,NA,NA,87,NA,NA,NA,87,NA,NA,NA,NA,NA,NA,NA,NA,3,TRUE
"61",61,"Fire","DJ Big Sky",2019,114,56,65,-7,5,64,463,2,21,47,NA,NA,NA,NA,NA,NA,NA,NA,NA,NA,NA,NA,NA,NA,NA,NA,NA,NA,1,FALSE
"138",138,"Bellaquita","Dalex",2019,166,70,58,-4,17,77,205,9,11,NA,NA,NA,NA,85,NA,NA,NA,NA,NA,NA,NA,NA,NA,NA,NA,NA,NA,NA,1,FALSE
"318",318,"Distant","Maes",2019,105,73,75,-6,7,49,162,56,19,NA,NA,NA,NA,NA,NA,NA,NA,NA,72,NA,NA,NA,NA,NA,NA,NA,NA,NA,1,FALSE
"485",485,"<U+305F><U+3060><U+541B><U+306B><U+6674><U+308C>","Yorushika",2018,140,83,68,-3,12,96,199,34,3,NA,NA,NA,NA,NA,NA,NA,NA,NA,NA,NA,NA,NA,NA,NA,69,NA,NA,NA,1,FALSE
"306",306,"La vie qu'on mène","Ninho",2019,113,76,80,-4,11,46,193,69,4,NA,NA,NA,NA,NA,NA,NA,NA,NA,76,NA,NA,NA,NA,NA,NA,NA,NA,NA,1,FALSE
"2",2,"ROXANNE","Arizona Zervas",2019,117,60,62,-6,46,46,164,5,15,99,NA,99,99,NA,NA,99,NA,NA,99,99,99,99,99,99,NA,99,99,99,13,TRUE
"217",217,"110","Capital Bra",2019,179,75,48,-5,10,42,195,53,43,NA,NA,NA,NA,NA,NA,NA,NA,NA,NA,76,NA,NA,NA,NA,NA,NA,NA,NA,1,FALSE
"410",410,"Nyaman","Andmesh",2019,83,31,54,-11,15,46,227,82,3,NA,NA,NA,NA,NA,NA,NA,NA,NA,NA,NA,NA,65,NA,NA,NA,NA,NA,NA,1,FALSE
"356",356,"Shaitan Ka Saala (From ""Housefull 4"")","Sohail Sen",2019,100,77,84,-5,37,34,147,28,19,NA,NA,NA,NA,NA,NA,NA,NA,NA,NA,NA,67,NA,NA,NA,NA,NA,NA,NA,1,FALSE
"201",201,"Do You Hear What I Hear? - Remastered 2006","Bing Crosby",2006,102,25,57,-15,20,41,166,81,3,NA,NA,NA,NA,NA,NA,84,NA,NA,NA,NA,NA,NA,NA,NA,NA,NA,NA,84,2,TRUE
"399",399,"One Only","Pamungkas",2018,145,52,25,-6,9,11,255,22,3,NA,NA,NA,NA,NA,NA,NA,NA,NA,NA,NA,NA,74,NA,NA,NA,NA,NA,NA,1,FALSE
"349",349,"Dheeme Dheeme (From ""Pati Patni Aur Woh"")","Tony Kakkar",2019,110,97,80,-2,35,69,177,15,4,NA,NA,NA,NA,NA,NA,NA,NA,NA,NA,NA,68,NA,NA,NA,NA,NA,NA,NA,1,FALSE
"178",178,"Espaçosa Demais - Ao Vivo","Felipe Araújo",2018,160,89,68,-4,23,71,179,38,8,NA,NA,NA,NA,NA,80,NA,NA,NA,NA,NA,NA,NA,NA,NA,NA,NA,NA,NA,1,FALSE
"516",516,"Stand By You","Official HIGE DANdism",2019,154,87,61,-5,28,63,256,1,4,NA,NA,NA,NA,NA,NA,NA,NA,NA,NA,NA,NA,NA,NA,NA,49,NA,NA,NA,1,FALSE
"325",325,"Block","Larry",2019,77,74,72,-7,41,71,157,29,28,NA,NA,NA,NA,NA,NA,NA,NA,NA,65,NA,NA,NA,NA,NA,NA,NA,NA,NA,1,FALSE
"466",466,"Gigolò (feat. Sfera Ebbasta & Capo Plaza)","Lazza",2019,98,63,80,-9,9,39,164,9,14,NA,NA,NA,NA,NA,NA,NA,NA,NA,NA,NA,NA,NA,NA,77,NA,NA,NA,NA,1,FALSE
"405",405,"Kartonyono Medot Janji","Denny Caknan",2019,130,78,73,-6,21,75,262,31,3,NA,NA,NA,NA,NA,NA,NA,NA,NA,NA,NA,NA,71,NA,NA,NA,NA,NA,NA,1,FALSE
"226",226,"KEIN SCHLAF","Nimo",2019,174,70,61,-6,12,43,200,31,17,NA,NA,NA,NA,NA,NA,NA,NA,NA,NA,61,NA,NA,NA,NA,NA,NA,NA,NA,1,FALSE
"430",430,"<U+05DE><U+05DE><U+05D4> <U+05D0><U+05EA> <U+05DE><U+05E4><U+05D7><U+05D3><U+05EA>","Eyal Golan",2019,132,38,64,-8,11,39,192,64,4,NA,NA,NA,NA,NA,NA,NA,NA,NA,NA,NA,NA,NA,55,NA,NA,NA,NA,NA,1,FALSE
"243",243,"Ojitos Hechiceros","Rodolfo Aicardi",2012,107,69,79,-7,14,62,220,11,4,NA,NA,NA,NA,NA,NA,NA,NA,52,NA,NA,NA,NA,NA,NA,NA,NA,NA,NA,1,FALSE
"263",263,"La Cama","Lunay",2019,174,90,70,-3,18,82,189,20,6,NA,NA,NA,NA,NA,NA,NA,74,NA,NA,NA,NA,NA,NA,NA,NA,NA,74,NA,2,TRUE
"219",219,"Mit Dir","Loredana",2019,196,53,75,-6,6,64,158,16,34,NA,NA,NA,NA,NA,NA,NA,NA,NA,NA,75,NA,NA,NA,NA,NA,NA,NA,NA,1,FALSE
"47",47,"Christmas (Baby Please Come Home)","Darlene Love",2019,126,76,34,-7,8,36,166,39,5,82,NA,NA,82,NA,NA,82,NA,NA,NA,NA,NA,NA,NA,NA,NA,NA,NA,82,4,TRUE
"488",488,"<U+6253><U+4E0A><U+82B1><U+706B>","DAOKO×<U+7C73><U+6D25><U+7384><U+5E2B>",2017,96,67,63,-4,11,29,290,29,2,NA,NA,NA,NA,NA,NA,NA,NA,NA,NA,NA,NA,NA,NA,NA,68,NA,NA,NA,1,FALSE
"93",93,"Oye","TINI",2019,95,51,68,-8,18,26,173,45,6,NA,83,NA,NA,NA,NA,NA,NA,NA,NA,NA,NA,NA,NA,NA,NA,NA,NA,NA,1,FALSE
"131",131,"QUE PRETENDES","J Balvin",2019,93,79,64,-4,36,94,222,3,25,NA,NA,NA,NA,88,NA,NA,88,88,NA,NA,NA,NA,NA,NA,NA,NA,NA,NA,3,TRUE
"368",368,"O Saki Saki (From ""Batla House"")","Neha Kakkar",2019,108,96,74,0,36,57,191,16,7,NA,NA,NA,NA,NA,NA,NA,NA,NA,NA,NA,60,NA,NA,NA,NA,NA,NA,NA,1,FALSE
"231",231,"En Barranquilla Me Quedo","Joe Arroyo",2009,104,79,62,-6,9,75,312,18,5,NA,NA,NA,NA,NA,NA,NA,NA,63,NA,NA,NA,NA,NA,NA,NA,NA,NA,NA,1,FALSE
"272",272,"Easy - Remix","Jhay Cortez",2019,94,75,89,-4,15,44,220,19,9,NA,NA,NA,NA,NA,NA,NA,NA,NA,NA,NA,NA,NA,NA,NA,NA,NA,81,NA,1,FALSE
"135",135,"Otro Trago","Sech",2019,176,70,75,-5,11,62,226,14,34,NA,NA,NA,NA,86,NA,NA,NA,NA,NA,NA,NA,NA,NA,NA,NA,NA,NA,NA,1,FALSE
"58",58,"Jerusalem","Master KG",2019,124,47,88,-7,6,84,343,2,5,51,NA,NA,NA,NA,NA,NA,NA,NA,NA,NA,NA,NA,NA,NA,NA,NA,NA,NA,1,FALSE
"167",167,"Lençol Dobrado","João Gustavo e Murilo",2018,125,66,71,-5,33,67,179,36,4,NA,NA,NA,NA,NA,81,NA,NA,NA,NA,NA,NA,NA,NA,NA,NA,NA,NA,NA,1,FALSE
"145",145,"Detente","Mike Bahía",2019,172,59,74,-5,11,36,182,27,35,NA,NA,NA,NA,77,NA,NA,NA,NA,NA,NA,NA,NA,NA,NA,NA,NA,NA,NA,1,FALSE
"133",133,"Qué Pena","Maluma",2019,126,66,64,-6,34,86,213,10,36,NA,NA,NA,NA,87,NA,NA,NA,87,NA,NA,NA,NA,NA,NA,NA,NA,NA,NA,2,TRUE
"128",128,"Ne reviens pas","Gradur",2019,125,78,93,-3,17,93,189,21,6,NA,NA,NA,78,NA,NA,NA,NA,NA,78,NA,NA,NA,NA,NA,NA,NA,NA,NA,2,TRUE
"107",107,"Olvídala","Los Palmeras",2004,132,69,77,-5,27,52,290,31,5,NA,65,NA,NA,NA,NA,NA,NA,NA,NA,NA,NA,NA,NA,NA,NA,NA,NA,NA,1,FALSE
"354",354,"Vaaste","Dhvani Bhanushali",2019,90,48,44,-6,10,32,196,45,4,NA,NA,NA,NA,NA,NA,NA,NA,NA,NA,NA,68,NA,NA,NA,NA,NA,NA,NA,1,FALSE
"69",69,"Adicto (with Anuel AA & Ozuna)","Tainy",2019,80,84,73,-5,18,62,271,2,7,NA,92,NA,NA,92,NA,NA,92,92,NA,NA,NA,NA,NA,NA,NA,NA,92,NA,5,TRUE
"284",284,"Prendio - Remix","Rvfv",2019,125,76,75,-6,8,75,191,19,6,NA,NA,NA,NA,NA,NA,NA,NA,NA,NA,NA,NA,NA,NA,NA,NA,NA,61,NA,1,FALSE
"156",156,"SENTADÃO","Pedro Sampaio",2019,174,87,68,-2,22,92,143,18,6,NA,NA,NA,NA,NA,83,NA,NA,NA,NA,NA,NA,NA,NA,NA,NA,NA,NA,NA,1,FALSE
"96",96,"22","TINI",2019,176,64,70,-5,9,81,159,1,9,NA,76,NA,NA,NA,NA,NA,NA,NA,NA,NA,NA,NA,NA,NA,NA,NA,NA,NA,1,FALSE
"312",312,"Maman ne le sait pas (feat. Niska)","Ninho",2019,145,88,76,-6,12,39,203,40,19,NA,NA,NA,NA,NA,NA,NA,NA,NA,75,NA,NA,NA,NA,NA,NA,NA,NA,NA,1,FALSE
"158",158,"Ferida Curada","Zé Neto & Cristiano",2019,146,85,49,-3,21,55,159,49,10,NA,NA,NA,NA,NA,83,NA,NA,NA,NA,NA,NA,NA,NA,NA,NA,NA,NA,NA,1,FALSE
"36",36,"Fairytale of New York (feat. Kirsty MacColl)","The Pogues",1988,119,65,32,-6,24,47,272,50,3,NA,NA,86,86,NA,NA,86,NA,NA,NA,NA,NA,NA,NA,NA,NA,NA,NA,NA,3,TRUE
"275",275,"Rueda","Chimbala",2019,130,92,89,-2,5,96,211,17,9,NA,NA,NA,NA,NA,NA,NA,NA,NA,NA,NA,NA,NA,NA,NA,NA,NA,78,NA,1,FALSE
"97",97,"Ya No Mas","Fer Palacio",2019,100,68,80,-6,7,88,158,14,6,NA,75,NA,NA,NA,NA,NA,NA,NA,NA,NA,NA,NA,NA,NA,NA,NA,NA,NA,1,FALSE
"250",250,"Si Se Da - Remix","Myke Towers",2019,94,67,82,-6,13,77,332,44,30,NA,NA,NA,NA,NA,NA,NA,85,NA,NA,NA,NA,NA,NA,NA,NA,NA,NA,NA,1,FALSE
"494",494,"366<U+65E5>","HY",2008,152,43,38,-7,21,18,353,68,3,NA,NA,NA,NA,NA,NA,NA,NA,NA,NA,NA,NA,NA,NA,NA,66,NA,NA,NA,1,FALSE
"369",369,"Tera Ban Jaunga (From ""Kabir Singh"")","Akhil Sachdeva",2019,94,53,61,-6,13,40,236,82,2,NA,NA,NA,NA,NA,NA,NA,NA,NA,NA,NA,59,NA,NA,NA,NA,NA,NA,NA,1,FALSE
"432",432,"<U+05E0><U+05D9><U+05E6><U+05D7><U+05EA> <U+05D0><U+05D9><U+05EA><U+05D9> <U+05D4><U+05DB><U+05DC> <U+05DC><U+05D9><U+05D9><U+05D1>","Ishay Ribo",2019,98,56,38,-6,98,24,302,53,3,NA,NA,NA,NA,NA,NA,NA,NA,NA,NA,NA,NA,NA,54,NA,NA,NA,NA,NA,1,FALSE
"44",44,"A Holly Jolly Christmas - Single Version","Burl Ives",1998,140,37,67,-13,10,86,133,59,3,83,NA,83,83,NA,NA,83,NA,NA,NA,NA,NA,NA,NA,NA,NA,NA,NA,83,5,TRUE
"28",28,"Jingle Bell Rock - Daryl's Version","Daryl Hall & John Oates",1983,129,84,67,-4,11,84,126,61,3,88,NA,88,88,NA,NA,88,NA,NA,NA,88,NA,NA,NA,NA,NA,NA,NA,NA,5,TRUE
"222",222,"The Best Side Of Life","Sarah Connor",2006,91,63,63,-5,12,55,229,56,3,NA,NA,NA,NA,NA,NA,NA,NA,NA,NA,72,NA,NA,NA,NA,NA,NA,NA,NA,1,FALSE
"526",526,"Falling","Harry Styles",2019,110,27,57,-7,9,6,240,84,3,NA,NA,NA,NA,NA,NA,NA,NA,NA,NA,NA,NA,NA,NA,NA,NA,88,NA,NA,1,FALSE
"180",180,"To Voando Alto","Mc Poze do Rodo",2019,145,68,89,-3,8,80,137,31,17,NA,NA,NA,NA,NA,80,NA,NA,NA,NA,NA,NA,NA,NA,NA,NA,NA,NA,NA,1,FALSE
"105",105,"No Dijeron Nada","Oscu",2019,115,71,70,-5,51,91,187,8,5,NA,68,NA,NA,NA,NA,NA,NA,NA,NA,NA,NA,NA,NA,NA,NA,NA,NA,NA,1,FALSE
"127",127,"bad guy","Billie Eilish",2019,135,43,70,-11,10,56,194,33,38,NA,NA,NA,96,NA,NA,NA,NA,NA,NA,NA,96,NA,96,NA,96,96,NA,NA,5,TRUE
"495",495,"<U+30C8><U+30EA><U+30B3>","Nissy",2019,90,80,63,-3,6,72,232,9,4,NA,NA,NA,NA,NA,NA,NA,NA,NA,NA,NA,NA,NA,NA,NA,66,NA,NA,NA,1,FALSE
"459",459,"sw1n6o - feat. Salmo","tha Supreme",2019,170,83,57,-6,79,79,184,12,9,NA,NA,NA,NA,NA,NA,NA,NA,NA,NA,NA,NA,NA,NA,78,NA,NA,NA,NA,1,FALSE
"182",182,"Com ou Sem Mim (Ao Vivo em Fortaleza)","Gustavo Mioto",2019,142,72,61,-4,96,30,202,16,5,NA,NA,NA,NA,NA,79,NA,NA,NA,NA,NA,NA,NA,NA,NA,NA,NA,NA,NA,1,FALSE
"220",220,"Christmas Time","Bryan Adams",2019,77,58,50,-4,10,32,243,47,3,NA,NA,NA,NA,NA,NA,NA,NA,NA,NA,72,NA,NA,NA,NA,NA,NA,NA,NA,1,FALSE
"238",238,"Aventurero","Yeison Jimenez",2019,93,63,85,-4,13,90,190,51,3,NA,NA,NA,NA,NA,NA,NA,NA,54,NA,NA,NA,NA,NA,NA,NA,NA,NA,NA,1,FALSE
"55",55,"Nana Thula","Kabza De Small",2019,114,52,77,-14,4,59,439,0,5,52,NA,NA,NA,NA,NA,NA,NA,NA,NA,NA,NA,NA,NA,NA,NA,NA,NA,NA,1,FALSE
"132",132,"Pa' Olvidarme De Ella","Piso 21",2019,90,54,73,-5,14,64,227,26,5,NA,NA,NA,NA,87,NA,NA,NA,87,NA,NA,NA,NA,NA,NA,NA,NA,NA,NA,2,TRUE
"1",1,"Dance Monkey","Tones and I",2019,98,59,82,-6,15,51,209,69,9,100,100,100,100,100,100,100,100,100,100,100,NA,100,100,100,NA,100,100,NA,16,TRUE
"112",112,"Adore You","Harry Styles",2019,99,77,68,-4,10,57,207,2,5,NA,NA,87,NA,NA,NA,NA,NA,NA,NA,NA,NA,NA,NA,NA,NA,87,NA,NA,2,TRUE
"453",453,"SUPREME - L'ego (feat. tha Supreme & Sfera Ebbasta)","Marracash",2019,141,66,66,-6,13,51,223,7,6,NA,NA,NA,NA,NA,NA,NA,NA,NA,NA,NA,NA,NA,NA,81,NA,NA,NA,NA,1,FALSE
"241",241,"Cariñito","Rodolfo Aicardi",2012,106,57,68,-6,8,95,227,82,3,NA,NA,NA,NA,NA,NA,NA,NA,53,NA,NA,NA,NA,NA,NA,NA,NA,NA,NA,1,FALSE
"288",288,"Carol of the Bells","Mykola Dmytrovych Leontovych",1990,47,11,42,-23,18,80,85,99,4,NA,NA,NA,NA,NA,NA,NA,NA,NA,NA,NA,NA,NA,NA,NA,NA,NA,NA,84,1,FALSE
"85",85,"0.95833333333333337","Maluma",2019,96,71,78,-5,9,68,176,22,28,NA,88,NA,NA,88,NA,NA,NA,88,NA,NA,NA,NA,NA,NA,NA,NA,NA,NA,3,TRUE
"227",227,"KARMA","Nimo",2019,160,64,69,-6,33,53,255,14,8,NA,NA,NA,NA,NA,NA,NA,NA,NA,NA,59,NA,NA,NA,NA,NA,NA,NA,NA,1,FALSE
"426",426,"<U+05D0><U+05D9><U+05DF> <U+05D9><U+05D5><U+05EA><U+05E8> <U+05DE><U+05D5><U+05E2><U+05D3><U+05D5><U+05E0><U+05D9><U+05DD>","Eden Hason",2019,90,61,61,-5,7,63,184,10,6,NA,NA,NA,NA,NA,NA,NA,NA,NA,NA,NA,NA,NA,56,NA,NA,NA,NA,NA,1,FALSE
"199",199,"Baby, It's Cold Outside","Brett Eldredge",2016,114,57,58,-5,27,68,174,74,4,NA,NA,NA,NA,NA,NA,85,NA,NA,NA,NA,NA,NA,NA,NA,NA,NA,NA,NA,1,FALSE
"251",251,"Cuerpo en Venta","Noriel",2019,92,60,70,-6,10,41,254,16,30,NA,NA,NA,NA,NA,NA,NA,85,NA,NA,NA,NA,NA,NA,NA,NA,NA,NA,NA,1,FALSE
"486",486,"HANABI","Mr.Children",2008,112,77,64,-6,12,60,343,16,3,NA,NA,NA,NA,NA,NA,NA,NA,NA,NA,NA,NA,NA,NA,NA,68,NA,NA,NA,1,FALSE
"434",434,"<U+05DE><U+05D0><U+05D5><U+05E9><U+05E8><U+05D9><U+05DD>","Doli & Penn",2019,128,80,63,-5,17,67,232,21,6,NA,NA,NA,NA,NA,NA,NA,NA,NA,NA,NA,NA,NA,54,NA,NA,NA,NA,NA,1,FALSE
"207",207,"Der Bratan bleibt der gleiche","Capital Bra",2019,96,70,61,-4,57,67,192,13,37,NA,NA,NA,NA,NA,NA,NA,NA,NA,NA,83,NA,NA,NA,NA,NA,NA,NA,NA,1,FALSE
"19",19,"Let It Snow! Let It Snow! Let It Snow! (with The B. Swanson Quartet)","Frank Sinatra",1994,142,26,65,-13,36,84,155,90,6,91,NA,91,91,NA,NA,91,NA,NA,NA,NA,NA,NA,NA,91,NA,NA,NA,91,6,TRUE
"385",385,"Halu","Feby Putri",2019,116,25,34,-15,11,10,266,87,4,NA,NA,NA,NA,NA,NA,NA,NA,NA,NA,NA,NA,79,NA,NA,NA,NA,NA,NA,1,FALSE
"234",234,"La Noche","Joe Arroyo",1999,106,68,73,-5,6,83,264,25,4,NA,NA,NA,NA,NA,NA,NA,NA,55,NA,NA,NA,NA,NA,NA,NA,NA,NA,NA,1,FALSE
"177",177,"Algo Mais (Amante) - Ao Vivo","Xand Avião",2019,140,84,70,-3,75,67,232,28,6,NA,NA,NA,NA,NA,80,NA,NA,NA,NA,NA,NA,NA,NA,NA,NA,NA,NA,NA,1,FALSE
"407",407,"Kenangan Manis","Pamungkas",2018,140,68,60,-7,9,72,208,5,3,NA,NA,NA,NA,NA,NA,NA,NA,NA,NA,NA,NA,69,NA,NA,NA,NA,NA,NA,1,FALSE
"144",144,"Nunca Es Suficiente","Los Angeles Azules",2018,94,50,80,-6,9,80,266,39,4,NA,NA,NA,NA,78,NA,NA,NA,NA,NA,NA,NA,NA,NA,NA,NA,NA,NA,NA,1,FALSE
"307",307,"Bâtiment","Niska",2019,168,70,66,-7,7,65,211,29,14,NA,NA,NA,NA,NA,NA,NA,NA,NA,76,NA,NA,NA,NA,NA,NA,NA,NA,NA,1,FALSE
"313",313,"Street","Maes",2019,148,30,66,-20,21,49,185,30,8,NA,NA,NA,NA,NA,NA,NA,NA,NA,74,NA,NA,NA,NA,NA,NA,NA,NA,NA,1,FALSE
"519",519,"Paprika","Foorin",2018,101,77,75,-5,77,73,208,14,4,NA,NA,NA,NA,NA,NA,NA,NA,NA,NA,NA,NA,NA,NA,NA,46,NA,NA,NA,1,FALSE
"26",26,"Underneath the Tree","Kelly Clarkson",2013,160,81,51,-5,21,69,230,0,5,88,NA,88,88,NA,NA,88,NA,NA,NA,88,NA,NA,NA,88,88,NA,NA,88,8,TRUE
"221",221,"Keine Liebe","RIN",2019,104,80,80,-5,31,57,198,13,4,NA,NA,NA,NA,NA,NA,NA,NA,NA,NA,72,NA,NA,NA,NA,NA,NA,NA,NA,1,FALSE
"517",517,"<U+611B><U+5504>","GReeeeN",2015,170,78,50,-4,19,45,237,11,3,NA,NA,NA,NA,NA,NA,NA,NA,NA,NA,NA,NA,NA,NA,NA,48,NA,NA,NA,1,FALSE
"239",239,"Loquito por Ti","Armando Hernandez",2012,107,76,79,-4,5,86,287,41,12,NA,NA,NA,NA,NA,NA,NA,NA,54,NA,NA,NA,NA,NA,NA,NA,NA,NA,NA,1,FALSE
"104",104,"Soy Sabalero","Los Palmeras",2019,132,85,78,-5,8,85,180,8,6,NA,68,NA,NA,NA,NA,NA,NA,NA,NA,NA,NA,NA,NA,NA,NA,NA,NA,NA,1,FALSE
"11",11,"Blinding Lights","The Weeknd",2019,171,80,51,-4,9,35,202,0,6,NA,NA,NA,96,NA,NA,NA,NA,NA,96,96,96,NA,96,NA,NA,96,NA,NA,6,TRUE
"509",509,"Yesterday","Official HIGE DANdism",2019,130,80,54,-4,40,56,299,4,4,NA,NA,NA,NA,NA,NA,NA,NA,NA,NA,NA,NA,NA,NA,NA,55,NA,NA,NA,1,FALSE
"161",161,"Quarta Cadeira - Ao Vivo","Matheus & Kauan",2019,76,82,56,-5,62,60,224,59,24,NA,NA,NA,NA,NA,82,NA,NA,NA,NA,NA,NA,NA,NA,NA,NA,NA,NA,NA,1,FALSE
"414",414,"Tak Ingin Pisah Lagi","Marion Jola",2019,95,40,66,-6,14,34,266,58,3,NA,NA,NA,NA,NA,NA,NA,NA,NA,NA,NA,NA,64,NA,NA,NA,NA,NA,NA,1,FALSE
"422",422,"<U+05E0><U+05D7><U+05DB><U+05D4> <U+05DC><U+05DA>","Nathan Goshen",2019,75,47,54,-8,7,46,207,49,3,NA,NA,NA,NA,NA,NA,NA,NA,NA,NA,NA,NA,NA,58,NA,NA,NA,NA,NA,1,FALSE
"196",196,"Tiro Certo - Ao Vivo","Zé Felipe",2019,130,91,71,-5,71,69,179,56,7,NA,NA,NA,NA,NA,65,NA,NA,NA,NA,NA,NA,NA,NA,NA,NA,NA,NA,NA,1,FALSE
"81",81,"No Me Conoce - Remix","Jhay Cortez",2019,92,79,81,-4,9,58,309,14,7,NA,88,NA,NA,88,NA,NA,88,88,NA,NA,NA,NA,NA,NA,NA,NA,88,NA,5,TRUE
"398",398,"Pilu Membiru","Kunto Aji",2018,82,27,36,-11,12,5,252,89,3,NA,NA,NA,NA,NA,NA,NA,NA,NA,NA,NA,NA,75,NA,NA,NA,NA,NA,NA,1,FALSE
"461",461,"Chiasso","Random",2019,92,45,72,-13,10,46,182,25,19,NA,NA,NA,NA,NA,NA,NA,NA,NA,NA,NA,NA,NA,NA,78,NA,NA,NA,NA,1,FALSE
"390",390,"Lebih Dari Egoku","Mawar De Jongh",2019,80,39,67,-8,10,33,249,74,3,NA,NA,NA,NA,NA,NA,NA,NA,NA,NA,NA,NA,77,NA,NA,NA,NA,NA,NA,1,FALSE
"327",327,"Côte Ouest","47ter",2019,152,59,77,-8,18,58,233,50,9,NA,NA,NA,NA,NA,NA,NA,NA,NA,59,NA,NA,NA,NA,NA,NA,NA,NA,NA,1,FALSE
"511",511,"Machigaisagashi","Masaki Suda",2019,156,64,53,-6,39,44,224,52,4,NA,NA,NA,NA,NA,NA,NA,NA,NA,NA,NA,NA,NA,NA,NA,53,NA,NA,NA,1,FALSE
"183",183,"Se Prepara 2","Mc Livinho",2019,130,45,65,-9,11,36,147,11,52,NA,NA,NA,NA,NA,79,NA,NA,NA,NA,NA,NA,NA,NA,NA,NA,NA,NA,NA,1,FALSE
"392",392,"Waktu Yang Salah","Fiersa Besari",2014,130,28,67,-11,10,30,326,79,3,NA,NA,NA,NA,NA,NA,NA,NA,NA,NA,NA,NA,76,NA,NA,NA,NA,NA,NA,1,FALSE
"348",348,"Bekhayali (From ""Kabir Singh"")","Sachet Tandon",2019,172,59,31,-5,32,35,372,45,4,NA,NA,NA,NA,NA,NA,NA,NA,NA,NA,NA,68,NA,NA,NA,NA,NA,NA,NA,1,FALSE
"458",458,"Pookie (feat. Capo Plaza) - Remix","Aya Nakamura",2019,98,62,84,-7,10,51,188,6,13,NA,NA,NA,NA,NA,NA,NA,NA,NA,NA,NA,NA,NA,NA,78,NA,NA,NA,NA,1,FALSE
"449",449,"Ve'Eem Tavo'ee Elay (And If You Will Come To Me)","Idan Raichel",2019,112,88,73,-5,10,23,213,50,3,NA,NA,NA,NA,NA,NA,NA,NA,NA,NA,NA,NA,NA,43,NA,NA,NA,NA,NA,1,FALSE
"166",166,"menina solta","Giulia Be",2019,92,56,63,-7,16,67,150,33,8,NA,NA,NA,NA,NA,82,NA,NA,NA,NA,NA,NA,NA,NA,NA,NA,NA,NA,NA,1,FALSE
"443",443,"<U+05D1><U+05DE><U+05E7><U+05D5><U+05DD> <U+05D4><U+05DB><U+05D9> <U+05E8><U+05D7><U+05D5><U+05E7>","Benaia Barabi",2019,112,56,68,-7,36,36,201,59,5,NA,NA,NA,NA,NA,NA,NA,NA,NA,NA,NA,NA,NA,51,NA,NA,NA,NA,NA,1,FALSE
"72",72,"Whine Up","Nicky Jam",2019,105,67,82,-6,10,66,215,5,8,NA,91,NA,NA,91,NA,NA,91,91,NA,NA,NA,NA,NA,NA,NA,NA,91,NA,5,TRUE
"338",338,"Tum Hi Aana (From ""Marjaavaan"")","Payal Dev",2019,90,40,47,-7,15,35,249,63,2,NA,NA,NA,NA,NA,NA,NA,NA,NA,NA,NA,74,NA,NA,NA,NA,NA,NA,NA,1,FALSE
"412",412,"Secukupnya","Hindia",2019,102,80,73,-5,35,93,205,19,3,NA,NA,NA,NA,NA,NA,NA,NA,NA,NA,NA,NA,65,NA,NA,NA,NA,NA,NA,1,FALSE
"382",382,"So Am I","Ava Max",2019,130,66,68,-5,35,61,183,7,4,NA,NA,NA,NA,NA,NA,NA,NA,NA,NA,NA,NA,84,NA,NA,NA,NA,NA,NA,1,FALSE
"315",315,"Méchant","Niska",2019,98,80,53,-4,37,41,191,33,34,NA,NA,NA,NA,NA,NA,NA,NA,NA,74,NA,NA,NA,NA,NA,NA,NA,NA,NA,1,FALSE
"86",86,"Bellaquita - Remix","Dalex",2019,166,72,80,-4,18,76,305,14,8,NA,87,NA,NA,87,NA,NA,87,87,NA,NA,NA,NA,NA,NA,NA,NA,87,NA,5,TRUE
"168",168,"Bebi Liguei - Ao Vivo","Marília Mendonça",2019,154,80,60,-4,74,68,160,36,20,NA,NA,NA,NA,NA,81,NA,NA,NA,NA,NA,NA,NA,NA,NA,NA,NA,NA,NA,1,FALSE
"13",13,"Santa Tell Me","Ariana Grande",2014,192,62,53,-7,29,59,204,5,12,95,NA,95,95,NA,NA,95,NA,NA,NA,95,NA,NA,NA,95,95,95,95,95,10,TRUE
"39",39,"Feliz Navidad","José Feliciano",2001,149,86,49,-7,35,96,182,53,4,85,NA,NA,85,85,NA,85,85,NA,NA,85,NA,NA,NA,85,NA,NA,85,85,9,TRUE
"483",483,"<U+9AD8><U+5DBA><U+306E><U+82B1><U+5B50><U+3055><U+3093>","back number",2014,138,92,54,-3,12,34,295,7,6,NA,NA,NA,NA,NA,NA,NA,NA,NA,NA,NA,NA,NA,NA,NA,69,NA,NA,NA,1,FALSE
"274",274,"Contando Lunares (feat. Cruz Cafuné)","Don Patricio",2019,106,52,86,-10,5,71,220,44,13,NA,NA,NA,NA,NA,NA,NA,NA,NA,NA,NA,NA,NA,NA,NA,NA,NA,81,NA,1,FALSE
"253",253,"Fantasía","Ozuna",2019,180,72,70,-6,9,78,175,23,9,NA,NA,NA,NA,NA,NA,NA,84,NA,NA,NA,NA,NA,NA,NA,NA,NA,84,NA,2,TRUE
"106",106,"Una Cerveza","Rafaga",2016,98,91,75,-2,9,76,241,32,5,NA,67,NA,NA,NA,NA,NA,NA,NA,NA,NA,NA,NA,NA,NA,NA,NA,NA,NA,1,FALSE
"310",310,"Jamais","Mister V",2019,150,67,64,-7,11,79,192,43,9,NA,NA,NA,NA,NA,NA,NA,NA,NA,75,NA,NA,NA,NA,NA,NA,NA,NA,NA,1,FALSE
"155",155,"Gaiola É o Troco","MC Du Black",2019,150,84,72,-3,11,85,187,42,8,NA,NA,NA,NA,NA,84,NA,NA,NA,NA,NA,NA,NA,NA,NA,NA,NA,NA,NA,1,FALSE
"447",447,"<U+05E6><U+05D1><U+05E2><U+05D9><U+05DD>","Gil Vain",2019,140,55,73,-8,13,73,208,80,5,NA,NA,NA,NA,NA,NA,NA,NA,NA,NA,NA,NA,NA,48,NA,NA,NA,NA,NA,1,FALSE
"157",157,"Tijolão - Ao Vivo","Jorge & Mateus",2019,119,88,64,-4,34,69,175,47,20,NA,NA,NA,NA,NA,83,NA,NA,NA,NA,NA,NA,NA,NA,NA,NA,NA,NA,NA,1,FALSE
"308",308,"Un peu de haine","PLK",2019,134,66,77,-7,22,42,168,44,6,NA,NA,NA,NA,NA,NA,NA,NA,NA,76,NA,NA,NA,NA,NA,NA,NA,NA,NA,1,FALSE
"451",451,"fuck 3x","tha Supreme",2019,180,81,66,-5,11,69,161,7,8,NA,NA,NA,NA,NA,NA,NA,NA,NA,NA,NA,NA,NA,NA,82,NA,NA,NA,NA,1,FALSE
"171",171,"Todo Mundo Vai Sofrer - Ao Vivo","Marília Mendonça",2019,111,74,62,-4,41,58,155,28,7,NA,NA,NA,NA,NA,81,NA,NA,NA,NA,NA,NA,NA,NA,NA,NA,NA,NA,NA,1,FALSE
"472",472,"ch1 5ei te","tha Supreme",2019,88,78,49,-6,16,32,184,5,7,NA,NA,NA,NA,NA,NA,NA,NA,NA,NA,NA,NA,NA,NA,76,NA,NA,NA,NA,1,FALSE
"328",328,"God Bless (feat. Damso)","Hamza",2019,83,57,86,-10,6,23,162,1,12,NA,NA,NA,NA,NA,NA,NA,NA,NA,57,NA,NA,NA,NA,NA,NA,NA,NA,NA,1,FALSE
"304",304,"Mayday (feat. Ninho)","SCH",2019,152,60,61,-8,9,25,210,61,36,NA,NA,NA,NA,NA,NA,NA,NA,NA,77,NA,NA,NA,NA,NA,NA,NA,NA,NA,1,FALSE
"423",423,"<U+05D0><U+05DC><U+05D5><U+05E3> <U+05D4><U+05E2><U+05D5><U+05DC><U+05DD>","Hanan Ben Ari",2019,128,43,58,-8,13,22,216,75,5,NA,NA,NA,NA,NA,NA,NA,NA,NA,NA,NA,NA,NA,58,NA,NA,NA,NA,NA,1,FALSE
"63",63,"Sandton","Kabza De Small",2019,113,63,88,-12,10,59,412,15,15,45,NA,NA,NA,NA,NA,NA,NA,NA,NA,NA,NA,NA,NA,NA,NA,NA,NA,NA,1,FALSE
"498",498,"<U+611B><U+3092><U+4F1D><U+3048><U+305F><U+3044><U+3060><U+3068><U+304B>","Aimyon",2017,100,85,67,-5,9,79,235,3,3,NA,NA,NA,NA,NA,NA,NA,NA,NA,NA,NA,NA,NA,NA,NA,66,NA,NA,NA,1,FALSE
"62",62,"Akulaleki","Samthing Soweto",2019,116,67,90,-9,6,34,382,14,9,45,NA,NA,NA,NA,NA,NA,NA,NA,NA,NA,NA,NA,NA,NA,NA,NA,NA,NA,1,FALSE
"400",400,"Kumau Dia","Andmesh",2019,158,51,47,-9,32,60,256,16,3,NA,NA,NA,NA,NA,NA,NA,NA,NA,NA,NA,NA,73,NA,NA,NA,NA,NA,NA,1,FALSE
"233",233,"Traicionera","Pastor Lopez",2012,130,59,78,-5,19,96,215,53,4,NA,NA,NA,NA,NA,NA,NA,NA,55,NA,NA,NA,NA,NA,NA,NA,NA,NA,NA,1,FALSE
"122",122,"Mary's Boy Child / Oh My Lord","Boney M.",2017,113,72,78,-9,20,93,241,28,4,NA,NA,75,NA,NA,NA,NA,NA,NA,NA,NA,NA,NA,NA,NA,NA,NA,NA,NA,1,FALSE
"117",117,"What Christmas Means To Me","Stevie Wonder",1967,167,54,48,-10,8,82,147,24,4,NA,NA,80,NA,NA,NA,80,NA,NA,NA,NA,NA,NA,NA,NA,NA,NA,NA,NA,2,TRUE
"437",437,"<U+05DB><U+05E4><U+05D9><U+05D5><U+05EA>","Eden Hason",2019,120,50,64,-7,12,33,180,51,4,NA,NA,NA,NA,NA,NA,NA,NA,NA,NA,NA,NA,NA,53,NA,NA,NA,NA,NA,1,FALSE
"30",30,"Do They Know It's Christmas? - 1984 Version","Band Aid",2004,115,64,60,-7,10,35,223,16,4,87,NA,87,87,NA,NA,87,NA,NA,NA,87,NA,NA,NA,NA,NA,NA,NA,87,6,TRUE
"358",358,"Ek Toh Kum Zindagani (From ""Marjaavaan"")","Neha Kakkar",2019,128,97,67,-2,6,72,190,6,9,NA,NA,NA,NA,NA,NA,NA,NA,NA,NA,NA,67,NA,NA,NA,NA,NA,NA,NA,1,FALSE
"518",518,"<U+611B><U+3092><U+3053><U+3081><U+3066><U+82B1><U+675F><U+3092>","Superfly",2017,162,83,34,-3,7,42,297,10,5,NA,NA,NA,NA,NA,NA,NA,NA,NA,NA,NA,NA,NA,NA,NA,47,NA,NA,NA,1,FALSE
"31",31,"Blue Christmas","Elvis Presley",1957,95,27,47,-17,14,58,129,90,4,87,NA,87,87,NA,NA,87,NA,NA,NA,NA,NA,NA,NA,NA,NA,NA,NA,87,5,TRUE
"244",244,"La Burrita","Los Corraleros De Majagual",2012,127,63,86,-5,8,95,157,46,10,NA,NA,NA,NA,NA,NA,NA,NA,51,NA,NA,NA,NA,NA,NA,NA,NA,NA,NA,1,FALSE
"73",73,"Tutu","Camilo",2019,146,83,73,-3,7,94,179,27,5,NA,90,NA,NA,90,NA,NA,90,90,NA,NA,NA,NA,NA,NA,NA,NA,NA,NA,4,TRUE
"37",37,"Santa Claus Is Comin' to Town - Live at C.W. Post College, Greenvale, NY - December 1975","Bruce Springsteen",1981,140,67,36,-8,73,41,268,36,5,86,NA,NA,86,NA,NA,86,NA,NA,NA,NA,NA,NA,NA,86,NA,NA,NA,NA,4,TRUE
"210",210,"2002","Sido",2019,160,69,66,-8,10,49,237,21,24,NA,NA,NA,NA,NA,NA,NA,NA,NA,NA,82,NA,NA,NA,NA,NA,NA,NA,NA,1,FALSE
"48",48,"Sleigh Ride","The Ronettes",2019,92,77,53,-7,32,85,181,40,3,77,NA,77,77,NA,NA,77,NA,NA,NA,NA,NA,NA,NA,NA,NA,NA,NA,77,5,TRUE
"261",261,"Piropo","Noriel",2019,94,75,87,-6,4,77,220,12,7,NA,NA,NA,NA,NA,NA,NA,78,NA,NA,NA,NA,NA,NA,NA,NA,NA,NA,NA,1,FALSE
"377",377,"Mean It","Lauv",2019,96,45,75,-9,17,34,233,4,9,NA,NA,NA,NA,NA,NA,NA,NA,NA,NA,NA,NA,89,NA,NA,NA,89,NA,NA,2,TRUE
"56",56,"Vula Vala","DJ Maphorisa",2019,113,59,91,-11,8,14,374,2,6,52,NA,NA,NA,NA,NA,NA,NA,NA,NA,NA,NA,NA,NA,NA,NA,NA,NA,NA,1,FALSE
"249",249,"Sorbito De Champagne - Digitally Remastered Original","Pastor Lopez",2006,112,79,79,-4,4,70,211,64,4,NA,NA,NA,NA,NA,NA,NA,NA,45,NA,NA,NA,NA,NA,NA,NA,NA,NA,NA,1,FALSE
"184",184,"A Gente Fez Amor - Ao Vivo","Gusttavo Lima",2019,134,94,79,-2,96,83,238,37,3,NA,NA,NA,NA,NA,78,NA,NA,NA,NA,NA,NA,NA,NA,NA,NA,NA,NA,NA,1,FALSE
"333",333,"My Oh My (feat. DaBaby)","Camila Cabello",2019,105,49,72,-6,9,38,171,2,3,NA,NA,NA,NA,NA,NA,NA,NA,NA,NA,NA,91,NA,91,NA,NA,91,NA,NA,3,TRUE
"164",164,"Sentou e Gostou","MC JottaPê",2019,131,67,70,-3,9,72,163,26,40,NA,NA,NA,NA,NA,82,NA,NA,NA,NA,NA,NA,NA,NA,NA,NA,NA,NA,NA,1,FALSE
"242",242,"Golpe Con Golpe","Pastor Lopez",2012,102,62,75,-7,6,97,214,60,6,NA,NA,NA,NA,NA,NA,NA,NA,53,NA,NA,NA,NA,NA,NA,NA,NA,NA,NA,1,FALSE
"175",175,"A Culpa é do Meu Grau (feat. Zé Neto & Cristiano) - Ao Vivo em Brasília","Diego & Victor Hugo",2019,119,88,54,-3,93,63,183,72,10,NA,NA,NA,NA,NA,80,NA,NA,NA,NA,NA,NA,NA,NA,NA,NA,NA,NA,NA,1,FALSE
"471",471,"Una volta ancora (feat. Ana Mena)","Fred De Palma",2019,124,64,77,-5,10,59,174,8,6,NA,NA,NA,NA,NA,NA,NA,NA,NA,NA,NA,NA,NA,NA,76,NA,NA,NA,NA,1,FALSE
"379",379,"comethru","Jeremy Zucker",2018,94,18,80,-12,62,61,182,61,6,NA,NA,NA,NA,NA,NA,NA,NA,NA,NA,NA,NA,86,NA,NA,NA,86,NA,NA,2,TRUE
"316",316,"Marie","Koba LaD",2019,132,75,78,-6,12,68,195,12,4,NA,NA,NA,NA,NA,NA,NA,NA,NA,74,NA,NA,NA,NA,NA,NA,NA,NA,NA,1,FALSE
"78",78,"Indeciso","Reik",2019,95,75,74,-5,11,90,217,18,5,NA,90,NA,NA,90,NA,NA,NA,90,NA,NA,NA,NA,NA,NA,NA,NA,90,NA,4,TRUE
"510",510,"Shukumei","Official HIGE DANdism",2019,164,58,55,-6,11,49,281,2,3,NA,NA,NA,NA,NA,NA,NA,NA,NA,NA,NA,NA,NA,NA,NA,53,NA,NA,NA,1,FALSE
"350",350,"8 Parche","Baani Sandhu",2019,174,86,65,-2,20,73,210,16,21,NA,NA,NA,NA,NA,NA,NA,NA,NA,NA,NA,68,NA,NA,NA,NA,NA,NA,NA,1,FALSE
"82",82,"Con Altura","ROSALÍA",2019,98,69,88,-4,5,75,162,39,12,NA,88,NA,NA,88,NA,NA,NA,88,NA,NA,NA,NA,NA,NA,NA,NA,88,NA,4,TRUE
"381",381,"Can We Kiss Forever?","Kina",2018,110,13,52,-19,9,12,188,89,4,NA,NA,NA,NA,NA,NA,NA,NA,NA,NA,NA,NA,84,NA,NA,NA,NA,NA,NA,1,FALSE
"450",450,"You Make It Feel Like Christmas (feat. Blake Shelton)","Gwen Stefani",2017,93,87,64,-4,12,91,157,2,4,NA,NA,NA,NA,NA,NA,NA,NA,NA,NA,NA,NA,NA,NA,85,NA,NA,NA,NA,1,FALSE
"260",260,"Imaginaste - Remix","Jhay Cortez",2019,90,71,85,-5,34,60,247,4,9,NA,NA,NA,NA,NA,NA,NA,79,NA,NA,NA,NA,NA,NA,NA,NA,NA,NA,NA,1,FALSE
"367",367,"Ve Maahi","Arijit Singh",2019,103,55,65,-7,22,29,224,41,3,NA,NA,NA,NA,NA,NA,NA,NA,NA,NA,NA,61,NA,NA,NA,NA,NA,NA,NA,1,FALSE
"384",384,"Location Unknown <U+25D0> - Brooklyn Session","HONNE",2019,92,29,51,-7,8,40,328,94,4,NA,NA,NA,NA,NA,NA,NA,NA,NA,NA,NA,NA,80,NA,NA,NA,NA,NA,NA,1,FALSE
"523",523,"Goodbyes (feat. Young Thug)","Post Malone",2019,150,65,55,-4,10,16,175,46,8,NA,NA,NA,NA,NA,NA,NA,NA,NA,NA,NA,NA,NA,NA,NA,NA,92,NA,NA,1,FALSE
"83",83,"Otro Trago - Remix","Sech",2019,176,79,73,-2,6,76,288,7,20,NA,88,NA,NA,88,NA,NA,88,NA,NA,NA,NA,NA,NA,NA,NA,NA,88,NA,4,TRUE
"281",281,"Se iluminaba","Fred De Palma",2019,124,69,79,-5,7,62,174,8,6,NA,NA,NA,NA,NA,NA,NA,NA,NA,NA,NA,NA,NA,NA,NA,NA,NA,74,NA,1,FALSE
"346",346,"Sakhiyaan","Maninder Buttar",2018,83,67,71,-6,20,36,179,30,4,NA,NA,NA,NA,NA,NA,NA,NA,NA,NA,NA,69,NA,NA,NA,NA,NA,NA,NA,1,FALSE
"236",236,"El Hijo Ausente","Pastor Lopez",2012,107,73,76,-6,13,85,173,63,6,NA,NA,NA,NA,NA,NA,NA,NA,54,NA,NA,NA,NA,NA,NA,NA,NA,NA,NA,1,FALSE
"444",444,"<U+05E9><U+05DE><U+05D9><U+05E9><U+05D4><U+05D5> <U+05D9><U+05E2><U+05E6><U+05D5><U+05E8> <U+05D0><U+05D5><U+05EA><U+05D9>","Eden Hason",2019,134,57,66,-6,11,51,224,51,4,NA,NA,NA,NA,NA,NA,NA,NA,NA,NA,NA,NA,NA,51,NA,NA,NA,NA,NA,1,FALSE
"126",126,"How to Make Gravy","Paul Kelly",2019,95,72,40,-7,25,39,269,6,4,NA,NA,45,NA,NA,NA,NA,NA,NA,NA,NA,NA,NA,NA,NA,NA,NA,NA,NA,1,FALSE
"88",88,"Blanco","J Balvin",2019,100,71,87,-5,9,59,146,3,13,NA,87,NA,NA,87,NA,NA,NA,87,NA,NA,NA,NA,NA,NA,NA,NA,87,NA,4,TRUE
"75",75,"Si Te Vas","Sech",2019,174,64,73,-4,14,55,205,9,13,NA,90,NA,NA,90,NA,NA,90,90,NA,NA,NA,NA,NA,NA,NA,NA,90,NA,5,TRUE
"324",324,"Un million par mois","Djadja & Dinaz",2019,135,54,76,-6,13,72,189,66,5,NA,NA,NA,NA,NA,NA,NA,NA,NA,67,NA,NA,NA,NA,NA,NA,NA,NA,NA,1,FALSE
"508",508,"<U+4ECA><U+591C><U+3053><U+306E><U+307E><U+307E>","Aimyon",2018,105,85,44,-4,9,64,238,3,4,NA,NA,NA,NA,NA,NA,NA,NA,NA,NA,NA,NA,NA,NA,NA,56,NA,NA,NA,1,FALSE
"360",360,"Mere Sohneya (From ""Kabir Singh"")","Sachet Tandon",2019,136,64,38,-6,22,65,193,56,4,NA,NA,NA,NA,NA,NA,NA,NA,NA,NA,NA,64,NA,NA,NA,NA,NA,NA,NA,1,FALSE
"291",291,"Have Yourself A Merry Little Christmas","Judy Garland",1944,181,18,16,-15,26,11,162,97,4,NA,NA,NA,NA,NA,NA,NA,NA,NA,NA,NA,NA,NA,NA,NA,NA,NA,NA,79,1,FALSE
"123",123,"White Christmas (with Shania Twain)","Michael Bublé",2011,127,49,61,-7,13,64,218,44,4,NA,NA,73,NA,NA,NA,NA,NA,NA,NA,NA,NA,NA,NA,NA,NA,NA,NA,NA,1,FALSE
"159",159,"Chama Ela (feat. Pedro Sampaio)","Lexa",2019,150,84,89,-2,6,96,120,46,15,NA,NA,NA,NA,NA,83,NA,NA,NA,NA,NA,NA,NA,NA,NA,NA,NA,NA,NA,1,FALSE
"386",386,"I Love You 3000","Stephanie Poetri",2019,90,38,65,-8,39,41,210,91,4,NA,NA,NA,NA,NA,NA,NA,NA,NA,NA,NA,NA,79,NA,NA,NA,79,NA,NA,2,TRUE
"43",43,"My Only Wish (This Year)","Britney Spears",2019,147,73,67,-7,20,68,255,23,3,NA,NA,NA,84,NA,NA,NA,NA,NA,NA,84,NA,NA,NA,NA,NA,NA,NA,NA,2,TRUE
"29",29,"Christmas (Baby Please Come Home)","Mariah Carey",1994,127,78,57,-7,11,70,153,2,3,88,NA,NA,88,NA,NA,88,NA,NA,NA,NA,NA,NA,NA,NA,NA,NA,NA,88,4,TRUE
"393",393,"Celengan Rindu","Fiersa Besari",2014,117,54,64,-8,14,66,224,11,4,NA,NA,NA,NA,NA,NA,NA,NA,NA,NA,NA,NA,76,NA,NA,NA,NA,NA,NA,1,FALSE
"408",408,"Bicara (feat. Monita Tahalea)","TheOvertunes",2019,77,37,57,-9,8,37,236,56,3,NA,NA,NA,NA,NA,NA,NA,NA,NA,NA,NA,NA,68,NA,NA,NA,NA,NA,NA,1,FALSE
"285",285,"Bandit (with YoungBoy Never Broke Again)","Juice WRLD",2019,180,63,47,-6,13,43,189,7,34,NA,NA,NA,NA,NA,NA,NA,NA,NA,NA,NA,NA,NA,NA,NA,NA,NA,NA,94,1,FALSE
"198",198,"Like It's Christmas","Jonas Brothers",2019,146,57,73,-6,5,61,201,2,10,NA,NA,NA,NA,NA,NA,87,NA,NA,NA,NA,NA,NA,NA,NA,NA,NA,NA,87,2,TRUE
"505",505,"<U+30DE><U+30EA><U+30FC><U+30B4><U+30FC><U+30EB><U+30C9>","Aimyon",2018,106,75,55,-3,9,41,307,5,3,NA,NA,NA,NA,NA,NA,NA,NA,NA,NA,NA,NA,NA,NA,NA,59,NA,NA,NA,1,FALSE
"515",515,"Hikoutei","King Gnu",2019,80,85,47,-3,33,49,262,4,5,NA,NA,NA,NA,NA,NA,NA,NA,NA,NA,NA,NA,NA,NA,NA,50,NA,NA,NA,1,FALSE
"179",179,"Vou Ter Que Superar - Ao Vivo","Matheus & Kauan",2019,106,72,51,-6,87,42,189,77,6,NA,NA,NA,NA,NA,80,NA,NA,NA,NA,NA,NA,NA,NA,NA,NA,NA,NA,NA,1,FALSE
"446",446,"<U+05DC><U+05E7><U+05D7><U+05EA> <U+05D0><U+05EA> <U+05D4><U+05DE><U+05E4><U+05EA><U+05D7><U+05D5><U+05EA>","Itay Levi",2019,74,44,47,-6,10,35,208,66,13,NA,NA,NA,NA,NA,NA,NA,NA,NA,NA,NA,NA,NA,48,NA,NA,NA,NA,NA,1,FALSE
"376",376,"It's You","Ali Gatie",2019,96,46,73,-7,19,40,213,37,3,NA,NA,NA,NA,NA,NA,NA,NA,NA,NA,NA,NA,90,NA,NA,NA,90,NA,NA,2,TRUE
"470",470,"Tutto Questo Sei Tu","Ultimo",2019,162,51,45,-6,11,42,245,44,3,NA,NA,NA,NA,NA,NA,NA,NA,NA,NA,NA,NA,NA,NA,76,NA,NA,NA,NA,1,FALSE
"478",478,"Shape of You","Ed Sheeran",2017,96,65,83,-3,9,93,234,58,8,NA,NA,NA,NA,NA,NA,NA,NA,NA,NA,NA,NA,NA,NA,NA,87,NA,NA,NA,1,FALSE
"290",290,"Mele Kalikimaka (Merry Christmas)","Bing Crosby",1945,202,22,50,-12,28,62,175,65,9,NA,NA,NA,NA,NA,NA,NA,NA,NA,NA,NA,NA,NA,NA,NA,NA,NA,NA,82,1,FALSE
"467",467,"occh1 purpl3 - feat. Marracash","tha Supreme",2019,134,81,66,-5,16,55,188,9,16,NA,NA,NA,NA,NA,NA,NA,NA,NA,NA,NA,NA,NA,NA,77,NA,NA,NA,NA,1,FALSE
"264",264,"Mami","Paloma Mami",2019,95,72,80,-6,17,51,195,15,5,NA,NA,NA,NA,NA,NA,NA,73,NA,NA,NA,NA,NA,NA,NA,NA,NA,NA,NA,1,FALSE
"225",225,"Vor der Tür","Gzuz",2019,101,73,86,-6,10,20,171,2,19,NA,NA,NA,NA,NA,NA,NA,NA,NA,NA,63,NA,NA,NA,NA,NA,NA,NA,NA,1,FALSE
"147",147,"La Difícil","Camilo",2019,65,36,68,-7,16,55,159,67,11,NA,NA,NA,NA,71,NA,NA,NA,NA,NA,NA,NA,NA,NA,NA,NA,NA,NA,NA,1,FALSE
"416",416,"Lalala","Y2K",2019,130,39,84,-8,14,50,161,18,8,NA,NA,NA,NA,NA,NA,NA,NA,NA,NA,NA,NA,NA,93,NA,NA,NA,NA,NA,1,FALSE
"456",456,"CRUDELIA - I nervi","Marracash",2019,82,55,55,-8,34,7,231,15,10,NA,NA,NA,NA,NA,NA,NA,NA,NA,NA,NA,NA,NA,NA,80,NA,NA,NA,NA,1,FALSE
"108",108,"Ocho Cuarenta","Rodrigo",1998,148,70,61,-10,30,85,355,8,3,NA,64,NA,NA,NA,NA,NA,NA,NA,NA,NA,NA,NA,NA,NA,NA,NA,NA,NA,1,FALSE
"359",359,"Don't Be Shy Again (From ""Bala"")","Sachin-Jigar",2019,105,91,80,-4,31,91,164,10,6,NA,NA,NA,NA,NA,NA,NA,NA,NA,NA,NA,65,NA,NA,NA,NA,NA,NA,NA,1,FALSE
"195",195,"Quem Traiu Levou - Ao Vivo","Gusttavo Lima",2019,174,96,59,-2,32,83,154,32,8,NA,NA,NA,NA,NA,66,NA,NA,NA,NA,NA,NA,NA,NA,NA,NA,NA,NA,NA,1,FALSE
"114",114,"Little Saint Nick - 1991 Remix","The Beach Boys",1964,131,55,60,-9,5,97,119,11,3,NA,NA,83,NA,NA,NA,NA,NA,NA,NA,NA,NA,NA,NA,NA,NA,NA,NA,83,2,TRUE
"323",323,"Mortel","Koba LaD",2019,154,69,58,-6,10,66,204,15,46,NA,NA,NA,NA,NA,NA,NA,NA,NA,67,NA,NA,NA,NA,NA,NA,NA,NA,NA,1,FALSE
"213",213,"Wonderful Dream (Holidays Are Coming) - Radio Version","Melanie Thornton",2001,150,68,58,-5,26,52,232,11,3,NA,NA,NA,NA,NA,NA,NA,NA,NA,NA,79,NA,NA,NA,NA,NA,NA,NA,NA,1,FALSE
"330",330,"Gasolina (feat. Gambi)","Hamza",2019,130,61,95,-8,12,72,179,28,19,NA,NA,NA,NA,NA,NA,NA,NA,NA,52,NA,NA,NA,NA,NA,NA,NA,NA,NA,1,FALSE
"497",497,"<U+594F>(<U+304B><U+306A><U+3067>)","Sukima Switch",2004,150,67,52,-6,9,46,329,55,3,NA,NA,NA,NA,NA,NA,NA,NA,NA,NA,NA,NA,NA,NA,NA,66,NA,NA,NA,1,FALSE
"84",84,"Con Calma","Daddy Yankee",2019,94,86,74,-3,6,66,193,11,6,NA,88,NA,NA,NA,NA,NA,NA,NA,NA,NA,NA,NA,NA,NA,NA,NA,NA,NA,1,FALSE
"194",194,"Carreira Solo - Ao Vivo","Gusttavo Lima",2019,127,93,81,-1,87,92,216,41,4,NA,NA,NA,NA,NA,67,NA,NA,NA,NA,NA,NA,NA,NA,NA,NA,NA,NA,NA,1,FALSE
"421",421,"<U+05DE><U+05E1><U+05E2>","Eliad",2019,115,66,80,-7,10,59,207,12,4,NA,NA,NA,NA,NA,NA,NA,NA,NA,NA,NA,NA,NA,59,NA,NA,NA,NA,NA,1,FALSE
"40",40,"Santa Claus Is Coming To Town","The Jackson 5",1970,147,76,69,-5,18,96,144,42,3,85,NA,85,85,NA,NA,85,NA,NA,NA,NA,NA,NA,NA,NA,NA,NA,NA,85,5,TRUE
"452",452,"Happy Xmas (War Is Over)","Céline Dion",1998,172,60,34,-5,28,16,255,45,3,NA,NA,NA,NA,NA,NA,NA,NA,NA,NA,NA,NA,NA,NA,82,NA,NA,NA,NA,1,FALSE
"203",203,"Baby, It's Cold Outside","Dean Martin",1959,130,20,47,-16,5,54,144,88,6,NA,NA,NA,NA,NA,NA,79,NA,NA,NA,NA,NA,NA,NA,NA,NA,NA,NA,79,2,TRUE
"317",317,"93% [Tijuana]","GLK",2019,136,69,80,-5,18,80,223,62,6,NA,NA,NA,NA,NA,NA,NA,NA,NA,73,NA,NA,NA,NA,NA,NA,NA,NA,NA,1,FALSE
"374",374,"Lucid Dreams","Juice WRLD",2018,84,57,51,-7,34,22,240,35,20,NA,NA,NA,NA,NA,NA,NA,NA,NA,NA,NA,NA,94,94,NA,NA,94,NA,NA,3,TRUE
"162",162,"Contatinho - Ao Vivo Em São Paulo / 2019","Leo Santana",2019,152,93,79,-5,95,81,173,22,8,NA,NA,NA,NA,NA,82,NA,NA,NA,NA,NA,NA,NA,NA,NA,NA,NA,NA,NA,1,FALSE
"187",187,"Fingindo Maturidade - Ao Vivo","Mano Walter",2019,166,92,58,-3,94,74,189,29,10,NA,NA,NA,NA,NA,77,NA,NA,NA,NA,NA,NA,NA,NA,NA,NA,NA,NA,NA,1,FALSE
"454",454,"blun7 a swishland","tha Supreme",2019,130,79,69,-6,26,57,168,13,25,NA,NA,NA,NA,NA,NA,NA,NA,NA,NA,NA,NA,NA,NA,80,NA,NA,NA,NA,1,FALSE
"152",152,"Liberdade Provisória","Henrique & Juliano",2019,108,68,67,-6,92,70,188,63,5,NA,NA,NA,NA,NA,84,NA,NA,NA,NA,NA,NA,NA,NA,NA,NA,NA,NA,NA,1,FALSE
"190",190,"Mil Anos - Recorded At Mosh Studios, São Paulo","Jorge & Mateus",2019,135,70,62,-8,8,45,189,29,7,NA,NA,NA,NA,NA,74,NA,NA,NA,NA,NA,NA,NA,NA,NA,NA,NA,NA,NA,1,FALSE
"463",463,"Bossoli","Shiva",2019,145,66,83,-8,14,80,179,44,26,NA,NA,NA,NA,NA,NA,NA,NA,NA,NA,NA,NA,NA,NA,77,NA,NA,NA,NA,1,FALSE
"299",299,"Oui ou non","Angèle",2019,200,57,65,-8,16,36,197,64,14,NA,NA,NA,NA,NA,NA,NA,NA,NA,79,NA,NA,NA,NA,NA,NA,NA,NA,NA,1,FALSE
"455",455,"Ti volevo dedicare (feat. J-AX & Boomdabash)","Rocco Hunt",2019,120,73,75,-6,19,27,208,1,7,NA,NA,NA,NA,NA,NA,NA,NA,NA,NA,NA,NA,NA,NA,80,NA,NA,NA,NA,1,FALSE
"3",3,"Memories","Maroon 5",2019,91,32,76,-7,8,57,189,84,5,99,NA,99,99,NA,NA,NA,NA,NA,99,NA,99,99,99,99,NA,99,NA,NA,9,TRUE
"192",192,"Fake News - Ao Vivo","Gustavo Mioto",2019,114,64,80,-3,97,73,175,47,5,NA,NA,NA,NA,NA,70,NA,NA,NA,NA,NA,NA,NA,NA,NA,NA,NA,NA,NA,1,FALSE
"189",189,"Dois Lados","Wesley Safadão",2019,160,85,66,-4,10,93,147,42,5,NA,NA,NA,NA,NA,77,NA,NA,NA,NA,NA,NA,NA,NA,NA,NA,NA,NA,NA,1,FALSE
"475",475,"ANSIA NO","FSK SATELLITE",2019,160,68,82,-7,22,71,149,15,56,NA,NA,NA,NA,NA,NA,NA,NA,NA,NA,NA,NA,NA,NA,73,NA,NA,NA,NA,1,FALSE
"193",193,"Bebi Minha Bicicleta (Coração Falido) - Ao Vivo","Zé Neto & Cristiano",2019,196,90,39,-4,91,47,182,45,41,NA,NA,NA,NA,NA,68,NA,NA,NA,NA,NA,NA,NA,NA,NA,NA,NA,NA,NA,1,FALSE
"146",146,"Adan y Eva","Paulo Londra",2019,172,71,77,-4,7,72,257,32,34,NA,NA,NA,NA,76,NA,NA,NA,NA,NA,NA,NA,NA,NA,NA,NA,NA,NA,NA,1,FALSE
"259",259,"Coronao Now","El Alfa",2019,118,73,94,-8,18,72,218,15,25,NA,NA,NA,NA,NA,NA,NA,81,NA,NA,NA,NA,NA,NA,NA,NA,NA,NA,NA,1,FALSE
"191",191,"quando a bad bater - ao vivo","Luan Santana",2019,128,79,65,-5,53,53,180,30,4,NA,NA,NA,NA,NA,71,NA,NA,NA,NA,NA,NA,NA,NA,NA,NA,NA,NA,NA,1,FALSE
"337",337,"Ghungroo (From ""War"")","Arijit Singh",2019,118,73,70,-6,53,86,303,7,3,NA,NA,NA,NA,NA,NA,NA,NA,NA,NA,NA,75,NA,NA,NA,NA,NA,NA,NA,1,FALSE
"362",362,"Chandigarh Mein","Badshah",2019,100,87,81,-2,7,34,205,1,6,NA,NA,NA,NA,NA,NA,NA,NA,NA,NA,NA,64,NA,NA,NA,NA,NA,NA,NA,1,FALSE
"279",279,"Zorra","Bad Gyal",2019,176,65,64,-7,8,74,186,68,19,NA,NA,NA,NA,NA,NA,NA,NA,NA,NA,NA,NA,NA,NA,NA,NA,NA,76,NA,1,FALSE
"150",150,"Supera - Ao Vivo","Marília Mendonça",2019,132,74,67,-4,96,66,148,6,6,NA,NA,NA,NA,NA,85,NA,NA,NA,NA,NA,NA,NA,NA,NA,NA,NA,NA,NA,1,FALSE
"52",52,"I'll Be Home for Christmas","Michael Bublé",2011,82,11,25,-14,16,15,268,94,3,78,NA,NA,NA,NA,NA,78,NA,NA,NA,NA,NA,NA,NA,NA,NA,NA,NA,NA,2,TRUE
"172",172,"Verdinha","Ludmilla",2019,138,95,85,-4,12,63,160,35,12,NA,NA,NA,NA,NA,81,NA,NA,NA,NA,NA,NA,NA,NA,NA,NA,NA,NA,NA,1,FALSE
"181",181,"Aí Eu Bebo - Ao Vivo","Maiara & Maraisa",2019,136,68,83,-5,41,85,174,48,7,NA,NA,NA,NA,NA,79,NA,NA,NA,NA,NA,NA,NA,NA,NA,NA,NA,NA,NA,1,FALSE
"342",342,"Duniyaa (From ""Luka Chuppi"")","Akhil",2019,77,66,44,-6,13,52,223,70,4,NA,NA,NA,NA,NA,NA,NA,NA,NA,NA,NA,71,NA,NA,NA,NA,NA,NA,NA,1,FALSE
"397",397,"Adu Rayu","Yovie Widianto",2019,100,37,56,-12,11,22,208,60,5,NA,NA,NA,NA,NA,NA,NA,NA,NA,NA,NA,NA,75,NA,NA,NA,NA,NA,NA,1,FALSE
"298",298,"Moulaga","Heuss L'enfoiré",2019,125,70,71,-5,10,48,180,33,10,NA,NA,NA,NA,NA,NA,NA,NA,NA,79,NA,NA,NA,NA,NA,NA,NA,NA,NA,1,FALSE
"295",295,"Trampoline (with ZAYN)","SHAED",2019,127,46,62,-6,14,50,184,56,3,NA,NA,NA,NA,NA,NA,NA,NA,NA,92,NA,92,NA,NA,NA,NA,92,NA,NA,3,TRUE
"364",364,"Sauda Khara Khara","Diljit Dosanjh",2019,145,92,69,-3,11,88,211,9,6,NA,NA,NA,NA,NA,NA,NA,NA,NA,NA,NA,63,NA,NA,NA,NA,NA,NA,NA,1,FALSE
"378",378,"Boy With Luv (feat. Halsey)","BTS",2019,120,86,65,-5,19,80,230,9,10,NA,NA,NA,NA,NA,NA,NA,NA,NA,NA,NA,NA,87,NA,NA,NA,87,NA,NA,2,TRUE
"94",94,"Soltera - Remix","Lunay",2019,92,78,80,-4,44,80,266,36,4,NA,80,NA,NA,80,NA,NA,80,80,NA,NA,NA,NA,NA,NA,NA,NA,NA,NA,4,TRUE
"332",332,"Heartless","The Weeknd",2019,170,75,53,-6,12,20,200,1,11,NA,NA,NA,NA,NA,NA,NA,NA,NA,NA,NA,94,NA,NA,NA,NA,NA,NA,NA,1,FALSE
"302",302,"Woin Woin feat. RK","Larry",2019,130,64,90,-7,8,70,173,17,29,NA,NA,NA,NA,NA,NA,NA,NA,NA,77,NA,NA,NA,NA,NA,NA,NA,NA,NA,1,FALSE
"435",435,"<U+05D0><U+05D7><U+05EA> <U+05D5><U+05DC><U+05EA><U+05DE><U+05D9><U+05D3>","Ishay Ribo",2018,96,48,60,-10,11,44,245,48,3,NA,NA,NA,NA,NA,NA,NA,NA,NA,NA,NA,NA,NA,54,NA,NA,NA,NA,NA,1,FALSE
"481",481,"115<U+4E07><U+30AD><U+30ED><U+306E><U+30D5><U+30A3><U+30EB><U+30E0>","Official HIGE DANdism",2018,97,79,51,-2,14,48,325,0,3,NA,NA,NA,NA,NA,NA,NA,NA,NA,NA,NA,NA,NA,NA,NA,71,NA,NA,NA,1,FALSE
"321",321,"Compliqué","Dadju",2019,75,74,70,-7,16,93,215,55,5,NA,NA,NA,NA,NA,NA,NA,NA,NA,68,NA,NA,NA,NA,NA,NA,NA,NA,NA,1,FALSE
"441",441,"<U+05D1><U+05D0><U+05EA><U+05D9> <U+05DC><U+05D7><U+05DC><U+05D5><U+05DD>","Nathan Goshen",2018,171,72,36,-7,8,38,199,17,11,NA,NA,NA,NA,NA,NA,NA,NA,NA,NA,NA,NA,NA,52,NA,NA,NA,NA,NA,1,FALSE
"173",173,"choque térmico - ao vivo","Luan Santana",2019,127,76,74,-6,83,73,180,34,4,NA,NA,NA,NA,NA,81,NA,NA,NA,NA,NA,NA,NA,NA,NA,NA,NA,NA,NA,1,FALSE
"197",197,"The Box","Roddy Ricch",2019,117,59,90,-7,79,64,197,10,6,NA,NA,NA,NA,NA,NA,89,NA,NA,NA,NA,NA,NA,NA,NA,NA,NA,NA,89,2,TRUE
"200",200,"Joy To The World","Nat King Cole",1962,102,34,55,-10,11,66,85,82,3,NA,NA,NA,NA,NA,NA,84,NA,NA,NA,NA,NA,NA,NA,NA,NA,NA,NA,84,2,TRUE
"110",110,"La Cola","Los Palmeras",2016,93,79,78,-5,12,87,169,36,6,NA,63,NA,NA,NA,NA,NA,NA,NA,NA,NA,NA,NA,NA,NA,NA,NA,NA,NA,1,FALSE
"520",520,"Teenager Forever","King Gnu",2019,115,92,50,-4,34,70,189,7,11,NA,NA,NA,NA,NA,NA,NA,NA,NA,NA,NA,NA,NA,NA,NA,39,NA,NA,NA,1,FALSE
"248",248,"Las Caleñas","Pastor Lopez Y Su Combo",2010,204,74,55,-7,8,94,212,34,10,NA,NA,NA,NA,NA,NA,NA,NA,48,NA,NA,NA,NA,NA,NA,NA,NA,NA,NA,1,FALSE
"45",45,"Driving Home for Christmas - 2019 Remaster","Chris Rea",1987,180,58,51,-11,18,87,242,36,4,NA,NA,83,83,NA,NA,83,NA,NA,NA,83,NA,NA,NA,NA,NA,NA,NA,NA,4,TRUE
"502",502,"<U+3072><U+307E><U+308F><U+308A><U+306E><U+7D04><U+675F>","Motohiro Hata",2015,79,45,52,-6,18,34,308,19,3,NA,NA,NA,NA,NA,NA,NA,NA,NA,NA,NA,NA,NA,NA,NA,65,NA,NA,NA,1,FALSE
"273",273,"Hasta Que Salga el Sol","Ozuna",2019,96,82,83,-5,13,60,188,2,7,NA,NA,NA,NA,NA,NA,NA,NA,NA,NA,NA,NA,NA,NA,NA,NA,NA,81,NA,1,FALSE
"371",371,"Hauli Hauli (From ""De De Pyaar De"")","Garry Sandhu",2019,95,98,71,-3,34,57,209,2,8,NA,NA,NA,NA,NA,NA,NA,NA,NA,NA,NA,56,NA,NA,NA,NA,NA,NA,NA,1,FALSE
"120",120,"2000 Miles - 2007 Remaster","Pretenders",1984,66,71,22,-9,10,45,220,0,4,NA,NA,78,NA,NA,NA,NA,NA,NA,NA,NA,NA,NA,NA,NA,NA,NA,NA,NA,1,FALSE
"436",436,"<U+05D3><U+05D9><U+05D1><U+05D5><U+05E8> <U+05E0><U+05D2><U+05D5><U+05E2>","Mergui",2019,97,49,90,-4,8,73,166,6,17,NA,NA,NA,NA,NA,NA,NA,NA,NA,NA,NA,NA,NA,53,NA,NA,NA,NA,NA,1,FALSE
"67",67,"Fantasias","Rauw Alejandro",2019,94,70,88,-4,6,79,200,14,7,NA,93,NA,NA,93,NA,NA,93,93,NA,NA,NA,NA,NA,NA,NA,NA,93,NA,5,TRUE
"521",521,"<U+5C0F><U+3055><U+306A><U+604B><U+306E><U+3046><U+305F>","MONGOL800",2001,116,78,40,-5,23,63,223,0,4,NA,NA,NA,NA,NA,NA,NA,NA,NA,NA,NA,NA,NA,NA,NA,0,NA,NA,NA,1,FALSE
"65",65,"China","Anuel AA",2019,105,81,79,-4,8,61,302,8,9,NA,94,NA,NA,94,NA,NA,94,94,NA,NA,NA,NA,NA,NA,NA,NA,94,NA,5,TRUE
"20",20,"Wonderful Christmastime - Edited Version / Remastered 2011","Paul McCartney",1980,95,51,77,-9,7,77,228,32,3,91,NA,NA,91,NA,NA,91,NA,NA,NA,91,NA,NA,NA,91,NA,NA,NA,91,6,TRUE
"503",503,"<U+30ED><U+30DE><U+30F3><U+30C1><U+30B7><U+30BA><U+30E0>","Mrs. GREEN APPLE",2019,126,88,60,-3,5,90,214,0,6,NA,NA,NA,NA,NA,NA,NA,NA,NA,NA,NA,NA,NA,NA,NA,64,NA,NA,NA,1,FALSE
"5",5,"All I Want for Christmas Is You","Mariah Carey",1994,150,63,34,-7,7,35,241,16,4,98,NA,98,98,98,NA,98,98,NA,98,98,NA,NA,NA,98,98,98,98,98,13,TRUE
"111",111,"Ride It","Regard",2019,118,75,88,-4,11,88,158,18,9,NA,NA,95,95,NA,NA,NA,NA,NA,95,95,NA,NA,NA,NA,NA,NA,NA,NA,4,TRUE
"340",340,"Makhna","Tanishk Bagchi",2019,125,70,70,-8,16,43,183,17,4,NA,NA,NA,NA,NA,NA,NA,NA,NA,NA,NA,73,NA,NA,NA,NA,NA,NA,NA,1,FALSE
"395",395,"Psycho","Red Velvet",2019,140,67,66,-2,9,41,211,19,4,NA,NA,NA,NA,NA,NA,NA,NA,NA,NA,NA,NA,75,NA,NA,NA,75,NA,NA,2,TRUE
"513",513,"Sayonara Elegy","Masaki Suda",2018,155,93,47,-3,28,62,257,0,5,NA,NA,NA,NA,NA,NA,NA,NA,NA,NA,NA,NA,NA,NA,NA,51,NA,NA,NA,1,FALSE
"482",482,"<U+30AF><U+30EA><U+30B9><U+30DE><U+30B9><U+30BD><U+30F3><U+30B0>","back number",2015,154,71,40,-3,12,42,340,13,3,NA,NA,NA,NA,NA,NA,NA,NA,NA,NA,NA,NA,NA,NA,NA,70,NA,NA,NA,1,FALSE
"499",499,"<U+30A4><U+30F3><U+30D5><U+30A7><U+30EB><U+30CE>","Mrs. GREEN APPLE",2019,93,92,53,-2,64,66,212,1,6,NA,NA,NA,NA,NA,NA,NA,NA,NA,NA,NA,NA,NA,NA,NA,65,NA,NA,NA,1,FALSE
"474",474,"Holly & Benji (feat. Capo Plaza & Shiva)","AVA",2019,78,79,42,-6,11,50,220,1,27,NA,NA,NA,NA,NA,NA,NA,NA,NA,NA,NA,NA,NA,NA,74,NA,NA,NA,NA,1,FALSE
"396",396,"Selamat (Selamat Tinggal)","Virgoun",2019,80,58,36,-9,12,37,314,52,3,NA,NA,NA,NA,NA,NA,NA,NA,NA,NA,NA,NA,75,NA,NA,NA,NA,NA,NA,1,FALSE
"35",35,"Santa Baby","Ariana Grande",2013,96,78,75,-6,28,77,171,5,14,87,NA,NA,87,NA,NA,87,NA,NA,NA,NA,NA,NA,NA,NA,NA,NA,NA,87,4,TRUE
"148",148,"Combatchy (feat. MC Rebecca)","Anitta",2019,150,73,83,-3,2,61,158,38,8,NA,NA,NA,NA,NA,86,NA,NA,NA,NA,NA,NA,NA,NA,NA,NA,NA,NA,NA,1,FALSE
"387",387,"Way Back Home (feat. Conor Maynard) - Sam Feldt Edit","SHAUN",2018,106,75,74,-5,22,45,192,27,3,NA,NA,NA,NA,NA,NA,NA,NA,NA,NA,NA,NA,79,NA,NA,NA,NA,NA,NA,1,FALSE
